jet_label,class_name,orbit,FLAV_F0,FLAV_F0_name,FLAV_F1,FLAV_F1_name,FLAV_F1R,FLAV_F1R_name
0,label_X_bb,X_QQ,0,F0_00,0,F1_00,0,F1R_00
1,label_X_cc,X_QQ,0,F0_00,0,F1_00,0,F1R_00
2,label_X_ss,X_QQ,0,F0_00,0,F1_00,0,F1R_00
3,label_X_qq,X_QQ,0,F0_00,0,F1_00,0,F1R_00
4,label_X_bc,X_QQ,0,F0_00,0,F1_00,0,F1R_00
5,label_X_cs,X_QQ,0,F0_00,0,F1_00,0,F1R_00
6,label_X_bq,X_QQ,0,F0_00,0,F1_00,0,F1R_00
7,label_X_cq,X_QQ,0,F0_00,0,F1_00,0,F1R_00
8,label_X_sq,X_QQ,0,F0_00,0,F1_00,0,F1R_00
9,label_X_gg,X_gg,15,F0_15,15,F1_15,15,F1R_15
10,label_X_ee,X_ee,0,F0_00,0,F1_00,0,F1R_00
11,label_X_mm,X_mm,11,F0_11,9,F1_09,9,F1R_09
12,label_X_tauhtaue,X_tauhtaue,4,F0_04,4,F1_04,4,F1R_04
13,label_X_tauhtaum,X_tauhtaum,0,F0_00,0,F1_00,0,F1R_00
14,label_X_tauhtauh,X_tauhtauh,7,F0_07,7,F1_07,7,F1R_07
15,label_X_YY_bbbb,X_YY_QQQQ,9,F0_09,11,F1_11,11,F1R_11
16,label_X_YY_bbcc,X_YY_QQQQ,9,F0_09,11,F1_11,11,F1R_11
17,label_X_YY_bbss,X_YY_QQQQ,9,F0_09,11,F1_11,11,F1R_11
18,label_X_YY_bbqq,X_YY_QQQQ,9,F0_09,11,F1_11,9,F1R_09
19,label_X_YY_bbgg,X_YY_QQgg,13,F0_13,13,F1_13,13,F1R_13
20,label_X_YY_bbee,X_YY_QQee,3,F0_03,3,F1_03,3,F1R_03
21,label_X_YY_bbmm,X_YY_QQmm,11,F0_11,9,F1_09,9,F1R_09
22,label_X_YY_bbtauhtaue,X_YY_QQtauhtaue,13,F0_13,13,F1_13,13,F1R_13
23,label_X_YY_bbtauhtaum,X_YY_QQtauhtaum,4,F0_04,4,F1_04,4,F1R_04
24,label_X_YY_bbtauhtauh,X_YY_QQtauhtauh,11,F0_11,9,F1_09,9,F1R_09
25,label_X_YY_bbb,X_YY_QQQ,10,F0_10,10,F1_10,10,F1R_10
26,label_X_YY_bbc,X_YY_QQQ,10,F0_10,10,F1_10,10,F1R_10
27,label_X_YY_bbs,X_YY_QQQ,10,F0_10,10,F1_10,10,F1R_10
28,label_X_YY_bbq,X_YY_QQQ,10,F0_10,10,F1_10,10,F1R_10
29,label_X_YY_bbg,X_YY_QQg,14,F0_14,14,F1_14,14,F1R_14
30,label_X_YY_bbe,X_YY_QQe,14,F0_14,14,F1_14,14,F1R_14
31,label_X_YY_bbm,X_YY_QQm,0,F0_00,0,F1_00,0,F1R_00
32,label_X_YY_cccc,X_YY_QQQQ,9,F0_09,9,F1_09,11,F1R_11
33,label_X_YY_ccss,X_YY_QQQQ,9,F0_09,9,F1_09,11,F1R_11
34,label_X_YY_ccqq,X_YY_QQQQ,9,F0_09,9,F1_09,9,F1R_09
35,label_X_YY_ccgg,X_YY_QQgg,13,F0_13,13,F1_13,13,F1R_13
36,label_X_YY_ccee,X_YY_QQee,3,F0_03,3,F1_03,3,F1R_03
37,label_X_YY_ccmm,X_YY_QQmm,11,F0_11,9,F1_09,9,F1R_09
38,label_X_YY_cctauhtaue,X_YY_QQtauhtaue,13,F0_13,13,F1_13,13,F1R_13
39,label_X_YY_cctauhtaum,X_YY_QQtauhtaum,4,F0_04,4,F1_04,4,F1R_04
40,label_X_YY_cctauhtauh,X_YY_QQtauhtauh,11,F0_11,9,F1_09,9,F1R_09
41,label_X_YY_ccb,X_YY_QQQ,10,F0_10,10,F1_10,10,F1R_10
42,label_X_YY_ccc,X_YY_QQQ,10,F0_10,10,F1_10,10,F1R_10
43,label_X_YY_ccs,X_YY_QQQ,10,F0_10,10,F1_10,10,F1R_10
44,label_X_YY_ccq,X_YY_QQQ,10,F0_10,10,F1_10,10,F1R_10
45,label_X_YY_ccg,X_YY_QQg,14,F0_14,14,F1_14,14,F1R_14
46,label_X_YY_cce,X_YY_QQe,14,F0_14,14,F1_14,14,F1R_14
47,label_X_YY_ccm,X_YY_QQm,0,F0_00,0,F1_00,0,F1R_00
48,label_X_YY_ssss,X_YY_QQQQ,9,F0_09,9,F1_09,9,F1R_09
49,label_X_YY_ssqq,X_YY_QQQQ,9,F0_09,9,F1_09,11,F1R_11
50,label_X_YY_ssgg,X_YY_QQgg,13,F0_13,13,F1_13,13,F1R_13
51,label_X_YY_ssee,X_YY_QQee,3,F0_03,3,F1_03,3,F1R_03
52,label_X_YY_ssmm,X_YY_QQmm,11,F0_11,9,F1_09,9,F1R_09
53,label_X_YY_sstauhtaue,X_YY_QQtauhtaue,13,F0_13,13,F1_13,13,F1R_13
54,label_X_YY_sstauhtaum,X_YY_QQtauhtaum,4,F0_04,4,F1_04,4,F1R_04
55,label_X_YY_sstauhtauh,X_YY_QQtauhtauh,11,F0_11,9,F1_09,9,F1R_09
56,label_X_YY_ssb,X_YY_QQQ,10,F0_10,10,F1_10,10,F1R_10
57,label_X_YY_ssc,X_YY_QQQ,10,F0_10,10,F1_10,10,F1R_10
58,label_X_YY_sss,X_YY_QQQ,10,F0_10,10,F1_10,10,F1R_10
59,label_X_YY_ssq,X_YY_QQQ,10,F0_10,10,F1_10,10,F1R_10
60,label_X_YY_ssg,X_YY_QQg,14,F0_14,14,F1_14,14,F1R_14
61,label_X_YY_sse,X_YY_QQe,14,F0_14,14,F1_14,14,F1R_14
62,label_X_YY_ssm,X_YY_QQm,0,F0_00,0,F1_00,0,F1R_00
63,label_X_YY_qqqq,X_YY_QQQQ,9,F0_09,9,F1_09,11,F1R_11
64,label_X_YY_qqgg,X_YY_QQgg,13,F0_13,13,F1_13,13,F1R_13
65,label_X_YY_qqee,X_YY_QQee,3,F0_03,3,F1_03,3,F1R_03
66,label_X_YY_qqmm,X_YY_QQmm,11,F0_11,9,F1_09,9,F1R_09
67,label_X_YY_qqtauhtaue,X_YY_QQtauhtaue,13,F0_13,13,F1_13,13,F1R_13
68,label_X_YY_qqtauhtaum,X_YY_QQtauhtaum,4,F0_04,4,F1_04,4,F1R_04
69,label_X_YY_qqtauhtauh,X_YY_QQtauhtauh,11,F0_11,9,F1_09,9,F1R_09
70,label_X_YY_qqb,X_YY_QQQ,10,F0_10,10,F1_10,10,F1R_10
71,label_X_YY_qqc,X_YY_QQQ,10,F0_10,10,F1_10,10,F1R_10
72,label_X_YY_qqs,X_YY_QQQ,10,F0_10,10,F1_10,10,F1R_10
73,label_X_YY_qqq,X_YY_QQQ,10,F0_10,10,F1_10,10,F1R_10
74,label_X_YY_qqg,X_YY_QQg,14,F0_14,14,F1_14,14,F1R_14
75,label_X_YY_qqe,X_YY_QQe,14,F0_14,14,F1_14,14,F1R_14
76,label_X_YY_qqm,X_YY_QQm,0,F0_00,0,F1_00,0,F1R_00
77,label_X_YY_gggg,X_YY_gggg,4,F0_04,4,F1_04,4,F1R_04
78,label_X_YY_ggee,X_YY_ggee,4,F0_04,4,F1_04,4,F1R_04
79,label_X_YY_ggmm,X_YY_ggmm,9,F0_09,9,F1_09,9,F1R_09
80,label_X_YY_ggtauhtaue,X_YY_ggtauhtaue,1,F0_01,1,F1_01,1,F1R_01
81,label_X_YY_ggtauhtaum,X_YY_ggtauhtaum,14,F0_14,14,F1_14,14,F1R_14
82,label_X_YY_ggtauhtauh,X_YY_ggtauhtauh,1,F0_01,1,F1_01,1,F1R_01
83,label_X_YY_ggb,X_YY_ggQ,6,F0_06,6,F1_06,6,F1R_06
84,label_X_YY_ggc,X_YY_ggQ,6,F0_06,6,F1_06,6,F1R_06
85,label_X_YY_ggs,X_YY_ggQ,6,F0_06,6,F1_06,6,F1R_06
86,label_X_YY_ggq,X_YY_ggQ,6,F0_06,6,F1_06,6,F1R_06
87,label_X_YY_ggg,X_YY_ggg,2,F0_02,2,F1_02,2,F1R_02
88,label_X_YY_gge,X_YY_gge,2,F0_02,2,F1_02,2,F1R_02
89,label_X_YY_ggm,X_YY_ggm,2,F0_02,2,F1_02,2,F1R_02
90,label_X_YY_bee,X_YY_Qee,2,F0_02,2,F1_02,2,F1R_02
91,label_X_YY_cee,X_YY_Qee,2,F0_02,2,F1_02,2,F1R_02
92,label_X_YY_see,X_YY_Qee,2,F0_02,2,F1_02,2,F1R_02
93,label_X_YY_qee,X_YY_Qee,2,F0_02,2,F1_02,2,F1R_02
94,label_X_YY_gee,X_YY_gee,5,F0_05,5,F1_05,5,F1R_05
95,label_X_YY_bmm,X_YY_Qmm,4,F0_04,4,F1_04,4,F1R_04
96,label_X_YY_cmm,X_YY_Qmm,4,F0_04,4,F1_04,4,F1R_04
97,label_X_YY_smm,X_YY_Qmm,4,F0_04,4,F1_04,4,F1R_04
98,label_X_YY_qmm,X_YY_Qmm,4,F0_04,4,F1_04,4,F1R_04
99,label_X_YY_gmm,X_YY_gmm,5,F0_05,5,F1_05,5,F1R_05
100,label_X_YY_btauhtaue,X_YY_Qtauhtaue,8,F0_08,8,F1_08,8,F1R_08
101,label_X_YY_ctauhtaue,X_YY_Qtauhtaue,8,F0_08,8,F1_08,8,F1R_08
102,label_X_YY_stauhtaue,X_YY_Qtauhtaue,8,F0_08,8,F1_08,8,F1R_08
103,label_X_YY_qtauhtaue,X_YY_Qtauhtaue,8,F0_08,8,F1_08,8,F1R_08
104,label_X_YY_gtauhtaue,X_YY_gtauhtaue,8,F0_08,8,F1_08,8,F1R_08
105,label_X_YY_btauhtaum,X_YY_Qtauhtaum,8,F0_08,8,F1_08,8,F1R_08
106,label_X_YY_ctauhtaum,X_YY_Qtauhtaum,8,F0_08,8,F1_08,8,F1R_08
107,label_X_YY_stauhtaum,X_YY_Qtauhtaum,8,F0_08,8,F1_08,8,F1R_08
108,label_X_YY_qtauhtaum,X_YY_Qtauhtaum,8,F0_08,8,F1_08,8,F1R_08
109,label_X_YY_gtauhtaum,X_YY_gtauhtaum,8,F0_08,8,F1_08,8,F1R_08
110,label_X_YY_btauhtauh,X_YY_Qtauhtauh,4,F0_04,4,F1_04,4,F1R_04
111,label_X_YY_ctauhtauh,X_YY_Qtauhtauh,4,F0_04,4,F1_04,4,F1R_04
112,label_X_YY_stauhtauh,X_YY_Qtauhtauh,4,F0_04,4,F1_04,4,F1R_04
113,label_X_YY_qtauhtauh,X_YY_Qtauhtauh,4,F0_04,4,F1_04,4,F1R_04
114,label_X_YY_gtauhtauh,X_YY_gtauhtauh,4,F0_04,4,F1_04,4,F1R_04
115,label_X_YY_qqqb,X_YY_QQQQ,9,F0_09,11,F1_11,9,F1R_09
116,label_X_YY_qqqc,X_YY_QQQQ,9,F0_09,9,F1_09,11,F1R_11
117,label_X_YY_qqqs,X_YY_QQQQ,9,F0_09,9,F1_09,11,F1R_11
118,label_X_YY_bbcq,X_YY_QQQQ,9,F0_09,11,F1_11,9,F1R_09
119,label_X_YY_ccbs,X_YY_QQQQ,9,F0_09,11,F1_11,9,F1R_09
120,label_X_YY_ccbq,X_YY_QQQQ,9,F0_09,11,F1_11,9,F1R_09
121,label_X_YY_ccsq,X_YY_QQQQ,9,F0_09,9,F1_09,9,F1R_09
122,label_X_YY_sscq,X_YY_QQQQ,9,F0_09,9,F1_09,9,F1R_09
123,label_X_YY_qqbc,X_YY_QQQQ,9,F0_09,11,F1_11,11,F1R_11
124,label_X_YY_qqbs,X_YY_QQQQ,9,F0_09,11,F1_11,11,F1R_11
125,label_X_YY_qqcs,X_YY_QQQQ,9,F0_09,9,F1_09,9,F1R_09
126,label_X_YY_bcsq,X_YY_QQQQ,9,F0_09,11,F1_11,9,F1R_09
127,label_X_YY_bcs,X_YY_QQQ,10,F0_10,10,F1_10,10,F1R_10
128,label_X_YY_bcq,X_YY_QQQ,10,F0_10,10,F1_10,10,F1R_10
129,label_X_YY_bsq,X_YY_QQQ,10,F0_10,10,F1_10,10,F1R_10
130,label_X_YY_csq,X_YY_QQQ,10,F0_10,10,F1_10,10,F1R_10
131,label_X_YY_bcev,X_YY_QQev,11,F0_11,11,F1_11,11,F1R_11
132,label_X_YY_csev,X_YY_QQev,11,F0_11,11,F1_11,11,F1R_11
133,label_X_YY_bqev,X_YY_QQev,11,F0_11,11,F1_11,11,F1R_11
134,label_X_YY_cqev,X_YY_QQev,11,F0_11,11,F1_11,11,F1R_11
135,label_X_YY_sqev,X_YY_QQev,11,F0_11,11,F1_11,11,F1R_11
136,label_X_YY_qqev,X_YY_QQev,11,F0_11,11,F1_11,11,F1R_11
137,label_X_YY_bcmv,X_YY_QQmv,9,F0_09,9,F1_09,9,F1R_09
138,label_X_YY_csmv,X_YY_QQmv,9,F0_09,9,F1_09,9,F1R_09
139,label_X_YY_bqmv,X_YY_QQmv,9,F0_09,9,F1_09,9,F1R_09
140,label_X_YY_cqmv,X_YY_QQmv,9,F0_09,9,F1_09,9,F1R_09
141,label_X_YY_sqmv,X_YY_QQmv,9,F0_09,9,F1_09,9,F1R_09
142,label_X_YY_qqmv,X_YY_QQmv,9,F0_09,9,F1_09,9,F1R_09
143,label_X_YY_bctauev,X_YY_QQtauev,6,F0_06,6,F1_06,6,F1R_06
144,label_X_YY_cstauev,X_YY_QQtauev,6,F0_06,6,F1_06,6,F1R_06
145,label_X_YY_bqtauev,X_YY_QQtauev,6,F0_06,6,F1_06,6,F1R_06
146,label_X_YY_cqtauev,X_YY_QQtauev,6,F0_06,6,F1_06,6,F1R_06
147,label_X_YY_sqtauev,X_YY_QQtauev,6,F0_06,6,F1_06,6,F1R_06
148,label_X_YY_qqtauev,X_YY_QQtauev,6,F0_06,6,F1_06,6,F1R_06
149,label_X_YY_bctaumv,X_YY_QQtaumv,9,F0_09,9,F1_09,9,F1R_09
150,label_X_YY_cstaumv,X_YY_QQtaumv,9,F0_09,9,F1_09,9,F1R_09
151,label_X_YY_bqtaumv,X_YY_QQtaumv,9,F0_09,9,F1_09,9,F1R_09
152,label_X_YY_cqtaumv,X_YY_QQtaumv,9,F0_09,9,F1_09,9,F1R_09
153,label_X_YY_sqtaumv,X_YY_QQtaumv,9,F0_09,9,F1_09,9,F1R_09
154,label_X_YY_qqtaumv,X_YY_QQtaumv,9,F0_09,9,F1_09,9,F1R_09
155,label_X_YY_bctauhv,X_YY_QQtauhv,12,F0_12,12,F1_12,12,F1R_12
156,label_X_YY_cstauhv,X_YY_QQtauhv,12,F0_12,12,F1_12,12,F1R_12
157,label_X_YY_bqtauhv,X_YY_QQtauhv,12,F0_12,12,F1_12,12,F1R_12
158,label_X_YY_cqtauhv,X_YY_QQtauhv,12,F0_12,12,F1_12,12,F1R_12
159,label_X_YY_sqtauhv,X_YY_QQtauhv,12,F0_12,12,F1_12,12,F1R_12
160,label_X_YY_qqtauhv,X_YY_QQtauhv,12,F0_12,12,F1_12,12,F1R_12
161,label_QCD_bbccss,QCD,16,QCD_ALL,16,QCD_ALL,16,QCD_ALL
162,label_QCD_bbccs,QCD,16,QCD_ALL,16,QCD_ALL,16,QCD_ALL
163,label_QCD_bbcc,QCD,16,QCD_ALL,16,QCD_ALL,16,QCD_ALL
164,label_QCD_bbcss,QCD,16,QCD_ALL,16,QCD_ALL,16,QCD_ALL
165,label_QCD_bbcs,QCD,16,QCD_ALL,16,QCD_ALL,16,QCD_ALL
166,label_QCD_bbc,QCD,16,QCD_ALL,16,QCD_ALL,16,QCD_ALL
167,label_QCD_bbss,QCD,16,QCD_ALL,16,QCD_ALL,16,QCD_ALL
168,label_QCD_bbs,QCD,16,QCD_ALL,16,QCD_ALL,16,QCD_ALL
169,label_QCD_bb,QCD,16,QCD_ALL,16,QCD_ALL,16,QCD_ALL
170,label_QCD_bccss,QCD,16,QCD_ALL,16,QCD_ALL,16,QCD_ALL
171,label_QCD_bccs,QCD,16,QCD_ALL,16,QCD_ALL,16,QCD_ALL
172,label_QCD_bcc,QCD,16,QCD_ALL,16,QCD_ALL,16,QCD_ALL
173,label_QCD_bcss,QCD,16,QCD_ALL,16,QCD_ALL,16,QCD_ALL
174,label_QCD_bcs,QCD,16,QCD_ALL,16,QCD_ALL,16,QCD_ALL
175,label_QCD_bc,QCD,16,QCD_ALL,16,QCD_ALL,16,QCD_ALL
176,label_QCD_bss,QCD,16,QCD_ALL,16,QCD_ALL,16,QCD_ALL
177,label_QCD_bs,QCD,16,QCD_ALL,16,QCD_ALL,16,QCD_ALL
178,label_QCD_b,QCD,16,QCD_ALL,16,QCD_ALL,16,QCD_ALL
179,label_QCD_ccss,QCD,16,QCD_ALL,16,QCD_ALL,16,QCD_ALL
180,label_QCD_ccs,QCD,16,QCD_ALL,16,QCD_ALL,16,QCD_ALL
181,label_QCD_cc,QCD,16,QCD_ALL,16,QCD_ALL,16,QCD_ALL
182,label_QCD_css,QCD,16,QCD_ALL,16,QCD_ALL,16,QCD_ALL
183,label_QCD_cs,QCD,16,QCD_ALL,16,QCD_ALL,16,QCD_ALL
184,label_QCD_c,QCD,16,QCD_ALL,16,QCD_ALL,16,QCD_ALL
185,label_QCD_ss,QCD,16,QCD_ALL,16,QCD_ALL,16,QCD_ALL
186,label_QCD_s,QCD,16,QCD_ALL,16,QCD_ALL,16,QCD_ALL
187,label_QCD_light,QCD,16,QCD_ALL,16,QCD_ALL,16,QCD_ALL
