jet_label,class_name,L188,L188_name,L162,L162_name,R63_Q1,R63_Q1_name,R42_Q1,R42_Q1_name,R29_Q1,R29_Q1_name,R16_Q1,R16_Q1_name,R3_VIS,R3_VIS_name,R1_Q1,R1_Q1_name
0,label_X_bb,0,label_X_bb,0,label_X_bb,0,2P_HAD_2PARTON|nb2_nc0,0,2P_HAD_2PARTON|B,0,2P_HAD_2PARTON|HF,0,2P_HAD_2PARTON,0,2P_VIS,0,RESONANT_ALL
1,label_X_cc,1,label_X_cc,1,label_X_cc,3,2P_HAD_2PARTON|nb0_nc2,1,2P_HAD_2PARTON|C,0,2P_HAD_2PARTON|HF,0,2P_HAD_2PARTON,0,2P_VIS,0,RESONANT_ALL
2,label_X_ss,2,label_X_ss,2,label_X_ss,5,2P_HAD_2PARTON|nb0_nc0,2,2P_HAD_2PARTON|LG,1,2P_HAD_2PARTON|LG,0,2P_HAD_2PARTON,0,2P_VIS,0,RESONANT_ALL
3,label_X_qq,3,label_X_qq,3,label_X_qq,5,2P_HAD_2PARTON|nb0_nc0,2,2P_HAD_2PARTON|LG,1,2P_HAD_2PARTON|LG,0,2P_HAD_2PARTON,0,2P_VIS,0,RESONANT_ALL
4,label_X_bc,4,label_X_bc,4,label_X_bc,1,2P_HAD_2PARTON|nb1_nc1,0,2P_HAD_2PARTON|B,0,2P_HAD_2PARTON|HF,0,2P_HAD_2PARTON,0,2P_VIS,0,RESONANT_ALL
5,label_X_cs,5,label_X_cs,5,label_X_cs,4,2P_HAD_2PARTON|nb0_nc1,1,2P_HAD_2PARTON|C,0,2P_HAD_2PARTON|HF,0,2P_HAD_2PARTON,0,2P_VIS,0,RESONANT_ALL
6,label_X_bq,6,label_X_bq,6,label_X_bq,2,2P_HAD_2PARTON|nb1_nc0,0,2P_HAD_2PARTON|B,0,2P_HAD_2PARTON|HF,0,2P_HAD_2PARTON,0,2P_VIS,0,RESONANT_ALL
7,label_X_cq,7,label_X_cq,7,label_X_cq,4,2P_HAD_2PARTON|nb0_nc1,1,2P_HAD_2PARTON|C,0,2P_HAD_2PARTON|HF,0,2P_HAD_2PARTON,0,2P_VIS,0,RESONANT_ALL
8,label_X_sq,8,label_X_sq,8,label_X_sq,5,2P_HAD_2PARTON|nb0_nc0,2,2P_HAD_2PARTON|LG,1,2P_HAD_2PARTON|LG,0,2P_HAD_2PARTON,0,2P_VIS,0,RESONANT_ALL
9,label_X_gg,9,label_X_gg,9,label_X_gg,5,2P_HAD_2PARTON|nb0_nc0,2,2P_HAD_2PARTON|LG,1,2P_HAD_2PARTON|LG,0,2P_HAD_2PARTON,0,2P_VIS,0,RESONANT_ALL
10,label_X_ee,10,label_X_ee,10,label_X_ee,8,2P_LEP_LL|nb0_nc0,5,2P_LEP_LL,4,2P_LEP_LL,3,2P_LEP_LL,0,2P_VIS,0,RESONANT_ALL
11,label_X_mm,11,label_X_mm,11,label_X_mm,8,2P_LEP_LL|nb0_nc0,5,2P_LEP_LL,4,2P_LEP_LL,3,2P_LEP_LL,0,2P_VIS,0,RESONANT_ALL
12,label_X_tauhtaue,12,label_X_tauhtaue,12,label_X_tauhtaue,7,2P_SEMILEP_TAUH_TAUL|nb0_nc0,4,2P_SEMILEP_TAUH_TAUL,3,2P_SEMILEP_TAUH_TAUL,2,2P_SEMILEP_TAUH_TAUL,0,2P_VIS,0,RESONANT_ALL
13,label_X_tauhtaum,13,label_X_tauhtaum,13,label_X_tauhtaum,7,2P_SEMILEP_TAUH_TAUL|nb0_nc0,4,2P_SEMILEP_TAUH_TAUL,3,2P_SEMILEP_TAUH_TAUL,2,2P_SEMILEP_TAUH_TAUL,0,2P_VIS,0,RESONANT_ALL
14,label_X_tauhtauh,14,label_X_tauhtauh,14,label_X_tauhtauh,6,2P_HAD_TAUH_TAUH|nb0_nc0,3,2P_HAD_TAUH_TAUH,2,2P_HAD_TAUH_TAUH,1,2P_HAD_TAUH_TAUH,0,2P_VIS,0,RESONANT_ALL
15,label_X_YY_bbbb,15,label_X_YY_bbbb,15,label_X_YY_bbbb,31,4P_HAD_4PARTON|nb4_nc0,21,4P_HAD_4PARTON|B,15,4P_HAD_4PARTON|HF,9,4P_HAD_4PARTON,2,4P_VIS,0,RESONANT_ALL
16,label_X_YY_bbcc,16,label_X_YY_bbcc,16,label_X_YY_bbcc,32,4P_HAD_4PARTON|nb2_nc2,21,4P_HAD_4PARTON|B,15,4P_HAD_4PARTON|HF,9,4P_HAD_4PARTON,2,4P_VIS,0,RESONANT_ALL
17,label_X_YY_bbss,17,label_X_YY_bbss,17,label_X_YY_bbss,33,4P_HAD_4PARTON|nb2_nc0,21,4P_HAD_4PARTON|B,15,4P_HAD_4PARTON|HF,9,4P_HAD_4PARTON,2,4P_VIS,0,RESONANT_ALL
18,label_X_YY_bbqq,18,label_X_YY_bbqq,18,label_X_YY_bbqq,33,4P_HAD_4PARTON|nb2_nc0,21,4P_HAD_4PARTON|B,15,4P_HAD_4PARTON|HF,9,4P_HAD_4PARTON,2,4P_VIS,0,RESONANT_ALL
19,label_X_YY_bbgg,19,label_X_YY_bbgg,19,label_X_YY_bbgg,33,4P_HAD_4PARTON|nb2_nc0,21,4P_HAD_4PARTON|B,15,4P_HAD_4PARTON|HF,9,4P_HAD_4PARTON,2,4P_VIS,0,RESONANT_ALL
20,label_X_YY_bbee,20,label_X_YY_bbee,20,label_X_YY_bbee,45,4P_SEMILEP_2PARTON_LL|nb2_nc0,27,4P_SEMILEP_2PARTON_LL|B,19,4P_SEMILEP_2PARTON_LL|HF,11,4P_SEMILEP_2PARTON_LL,2,4P_VIS,0,RESONANT_ALL
21,label_X_YY_bbmm,21,label_X_YY_bbmm,21,label_X_YY_bbmm,45,4P_SEMILEP_2PARTON_LL|nb2_nc0,27,4P_SEMILEP_2PARTON_LL|B,19,4P_SEMILEP_2PARTON_LL|HF,11,4P_SEMILEP_2PARTON_LL,2,4P_VIS,0,RESONANT_ALL
22,label_X_YY_bbtauhtaue,22,label_X_YY_bbtauhtaue,22,label_X_YY_bbtauhtaue,48,4P_SEMILEP_2PARTON_TAUH_TAUL|nb2_nc0,30,4P_SEMILEP_2PARTON_TAUH_TAUL|B,21,4P_SEMILEP_2PARTON_TAUH_TAUL|HF,12,4P_SEMILEP_2PARTON_TAUH_TAUL,2,4P_VIS,0,RESONANT_ALL
23,label_X_YY_bbtauhtaum,23,label_X_YY_bbtauhtaum,23,label_X_YY_bbtauhtaum,48,4P_SEMILEP_2PARTON_TAUH_TAUL|nb2_nc0,30,4P_SEMILEP_2PARTON_TAUH_TAUL|B,21,4P_SEMILEP_2PARTON_TAUH_TAUL|HF,12,4P_SEMILEP_2PARTON_TAUH_TAUL,2,4P_VIS,0,RESONANT_ALL
24,label_X_YY_bbtauhtauh,24,label_X_YY_bbtauhtauh,24,label_X_YY_bbtauhtauh,42,4P_HAD_2PARTON_TAUH_TAUH|nb2_nc0,24,4P_HAD_2PARTON_TAUH_TAUH|B,17,4P_HAD_2PARTON_TAUH_TAUH|HF,10,4P_HAD_2PARTON_TAUH_TAUH,2,4P_VIS,0,RESONANT_ALL
25,label_X_YY_bbb,25,label_X_YY_bbb,25,label_X_YY_bbb,9,3P_HAD_3PARTON|nb3_nc0,6,3P_HAD_3PARTON|B,5,3P_HAD_3PARTON|HF,4,3P_HAD_3PARTON,1,3P_VIS,0,RESONANT_ALL
26,label_X_YY_bbc,26,label_X_YY_bbc,26,label_X_YY_bbc,10,3P_HAD_3PARTON|nb2_nc1,6,3P_HAD_3PARTON|B,5,3P_HAD_3PARTON|HF,4,3P_HAD_3PARTON,1,3P_VIS,0,RESONANT_ALL
27,label_X_YY_bbs,27,label_X_YY_bbs,27,label_X_YY_bbs,11,3P_HAD_3PARTON|nb2_nc0,6,3P_HAD_3PARTON|B,5,3P_HAD_3PARTON|HF,4,3P_HAD_3PARTON,1,3P_VIS,0,RESONANT_ALL
28,label_X_YY_bbq,28,label_X_YY_bbq,28,label_X_YY_bbq,11,3P_HAD_3PARTON|nb2_nc0,6,3P_HAD_3PARTON|B,5,3P_HAD_3PARTON|HF,4,3P_HAD_3PARTON,1,3P_VIS,0,RESONANT_ALL
29,label_X_YY_bbg,29,label_X_YY_bbg,29,label_X_YY_bbg,11,3P_HAD_3PARTON|nb2_nc0,6,3P_HAD_3PARTON|B,5,3P_HAD_3PARTON|HF,4,3P_HAD_3PARTON,1,3P_VIS,0,RESONANT_ALL
30,label_X_YY_bbe,30,label_X_YY_bbe,30,label_X_YY_bbe,22,3P_SEMILEP_2PARTON_L|nb2_nc0,12,3P_SEMILEP_2PARTON_L|B,9,3P_SEMILEP_2PARTON_L|HF,6,3P_SEMILEP_2PARTON_L,1,3P_VIS,0,RESONANT_ALL
31,label_X_YY_bbm,31,label_X_YY_bbm,31,label_X_YY_bbm,22,3P_SEMILEP_2PARTON_L|nb2_nc0,12,3P_SEMILEP_2PARTON_L|B,9,3P_SEMILEP_2PARTON_L|HF,6,3P_SEMILEP_2PARTON_L,1,3P_VIS,0,RESONANT_ALL
32,label_X_YY_cccc,32,label_X_YY_cccc,32,label_X_YY_cccc,38,4P_HAD_4PARTON|nb0_nc4,22,4P_HAD_4PARTON|C,15,4P_HAD_4PARTON|HF,9,4P_HAD_4PARTON,2,4P_VIS,0,RESONANT_ALL
33,label_X_YY_ccss,33,label_X_YY_ccss,33,label_X_YY_ccss,39,4P_HAD_4PARTON|nb0_nc2,22,4P_HAD_4PARTON|C,15,4P_HAD_4PARTON|HF,9,4P_HAD_4PARTON,2,4P_VIS,0,RESONANT_ALL
34,label_X_YY_ccqq,34,label_X_YY_ccqq,34,label_X_YY_ccqq,39,4P_HAD_4PARTON|nb0_nc2,22,4P_HAD_4PARTON|C,15,4P_HAD_4PARTON|HF,9,4P_HAD_4PARTON,2,4P_VIS,0,RESONANT_ALL
35,label_X_YY_ccgg,35,label_X_YY_ccgg,35,label_X_YY_ccgg,39,4P_HAD_4PARTON|nb0_nc2,22,4P_HAD_4PARTON|C,15,4P_HAD_4PARTON|HF,9,4P_HAD_4PARTON,2,4P_VIS,0,RESONANT_ALL
36,label_X_YY_ccee,36,label_X_YY_ccee,36,label_X_YY_ccee,46,4P_SEMILEP_2PARTON_LL|nb0_nc2,28,4P_SEMILEP_2PARTON_LL|C,19,4P_SEMILEP_2PARTON_LL|HF,11,4P_SEMILEP_2PARTON_LL,2,4P_VIS,0,RESONANT_ALL
37,label_X_YY_ccmm,37,label_X_YY_ccmm,37,label_X_YY_ccmm,46,4P_SEMILEP_2PARTON_LL|nb0_nc2,28,4P_SEMILEP_2PARTON_LL|C,19,4P_SEMILEP_2PARTON_LL|HF,11,4P_SEMILEP_2PARTON_LL,2,4P_VIS,0,RESONANT_ALL
38,label_X_YY_cctauhtaue,38,label_X_YY_cctauhtaue,38,label_X_YY_cctauhtaue,49,4P_SEMILEP_2PARTON_TAUH_TAUL|nb0_nc2,31,4P_SEMILEP_2PARTON_TAUH_TAUL|C,21,4P_SEMILEP_2PARTON_TAUH_TAUL|HF,12,4P_SEMILEP_2PARTON_TAUH_TAUL,2,4P_VIS,0,RESONANT_ALL
39,label_X_YY_cctauhtaum,39,label_X_YY_cctauhtaum,39,label_X_YY_cctauhtaum,49,4P_SEMILEP_2PARTON_TAUH_TAUL|nb0_nc2,31,4P_SEMILEP_2PARTON_TAUH_TAUL|C,21,4P_SEMILEP_2PARTON_TAUH_TAUL|HF,12,4P_SEMILEP_2PARTON_TAUH_TAUL,2,4P_VIS,0,RESONANT_ALL
40,label_X_YY_cctauhtauh,40,label_X_YY_cctauhtauh,40,label_X_YY_cctauhtauh,43,4P_HAD_2PARTON_TAUH_TAUH|nb0_nc2,25,4P_HAD_2PARTON_TAUH_TAUH|C,17,4P_HAD_2PARTON_TAUH_TAUH|HF,10,4P_HAD_2PARTON_TAUH_TAUH,2,4P_VIS,0,RESONANT_ALL
41,label_X_YY_ccb,41,label_X_YY_ccb,41,label_X_YY_ccb,12,3P_HAD_3PARTON|nb1_nc2,6,3P_HAD_3PARTON|B,5,3P_HAD_3PARTON|HF,4,3P_HAD_3PARTON,1,3P_VIS,0,RESONANT_ALL
42,label_X_YY_ccc,42,label_X_YY_ccc,42,label_X_YY_ccc,15,3P_HAD_3PARTON|nb0_nc3,7,3P_HAD_3PARTON|C,5,3P_HAD_3PARTON|HF,4,3P_HAD_3PARTON,1,3P_VIS,0,RESONANT_ALL
43,label_X_YY_ccs,43,label_X_YY_ccs,43,label_X_YY_ccs,16,3P_HAD_3PARTON|nb0_nc2,7,3P_HAD_3PARTON|C,5,3P_HAD_3PARTON|HF,4,3P_HAD_3PARTON,1,3P_VIS,0,RESONANT_ALL
44,label_X_YY_ccq,44,label_X_YY_ccq,44,label_X_YY_ccq,16,3P_HAD_3PARTON|nb0_nc2,7,3P_HAD_3PARTON|C,5,3P_HAD_3PARTON|HF,4,3P_HAD_3PARTON,1,3P_VIS,0,RESONANT_ALL
45,label_X_YY_ccg,45,label_X_YY_ccg,45,label_X_YY_ccg,16,3P_HAD_3PARTON|nb0_nc2,7,3P_HAD_3PARTON|C,5,3P_HAD_3PARTON|HF,4,3P_HAD_3PARTON,1,3P_VIS,0,RESONANT_ALL
46,label_X_YY_cce,46,label_X_YY_cce,46,label_X_YY_cce,23,3P_SEMILEP_2PARTON_L|nb0_nc2,13,3P_SEMILEP_2PARTON_L|C,9,3P_SEMILEP_2PARTON_L|HF,6,3P_SEMILEP_2PARTON_L,1,3P_VIS,0,RESONANT_ALL
47,label_X_YY_ccm,47,label_X_YY_ccm,47,label_X_YY_ccm,23,3P_SEMILEP_2PARTON_L|nb0_nc2,13,3P_SEMILEP_2PARTON_L|C,9,3P_SEMILEP_2PARTON_L|HF,6,3P_SEMILEP_2PARTON_L,1,3P_VIS,0,RESONANT_ALL
48,label_X_YY_ssss,48,label_X_YY_ssss,48,label_X_YY_ssss,41,4P_HAD_4PARTON|nb0_nc0,23,4P_HAD_4PARTON|LG,16,4P_HAD_4PARTON|LG,9,4P_HAD_4PARTON,2,4P_VIS,0,RESONANT_ALL
49,label_X_YY_ssqq,49,label_X_YY_ssqq,49,label_X_YY_ssqq,41,4P_HAD_4PARTON|nb0_nc0,23,4P_HAD_4PARTON|LG,16,4P_HAD_4PARTON|LG,9,4P_HAD_4PARTON,2,4P_VIS,0,RESONANT_ALL
50,label_X_YY_ssgg,50,label_X_YY_ssgg,50,label_X_YY_ssgg,41,4P_HAD_4PARTON|nb0_nc0,23,4P_HAD_4PARTON|LG,16,4P_HAD_4PARTON|LG,9,4P_HAD_4PARTON,2,4P_VIS,0,RESONANT_ALL
51,label_X_YY_ssee,51,label_X_YY_ssee,51,label_X_YY_ssee,47,4P_SEMILEP_2PARTON_LL|nb0_nc0,29,4P_SEMILEP_2PARTON_LL|LG,20,4P_SEMILEP_2PARTON_LL|LG,11,4P_SEMILEP_2PARTON_LL,2,4P_VIS,0,RESONANT_ALL
52,label_X_YY_ssmm,52,label_X_YY_ssmm,52,label_X_YY_ssmm,47,4P_SEMILEP_2PARTON_LL|nb0_nc0,29,4P_SEMILEP_2PARTON_LL|LG,20,4P_SEMILEP_2PARTON_LL|LG,11,4P_SEMILEP_2PARTON_LL,2,4P_VIS,0,RESONANT_ALL
53,label_X_YY_sstauhtaue,53,label_X_YY_sstauhtaue,53,label_X_YY_sstauhtaue,50,4P_SEMILEP_2PARTON_TAUH_TAUL|nb0_nc0,32,4P_SEMILEP_2PARTON_TAUH_TAUL|LG,22,4P_SEMILEP_2PARTON_TAUH_TAUL|LG,12,4P_SEMILEP_2PARTON_TAUH_TAUL,2,4P_VIS,0,RESONANT_ALL
54,label_X_YY_sstauhtaum,54,label_X_YY_sstauhtaum,54,label_X_YY_sstauhtaum,50,4P_SEMILEP_2PARTON_TAUH_TAUL|nb0_nc0,32,4P_SEMILEP_2PARTON_TAUH_TAUL|LG,22,4P_SEMILEP_2PARTON_TAUH_TAUL|LG,12,4P_SEMILEP_2PARTON_TAUH_TAUL,2,4P_VIS,0,RESONANT_ALL
55,label_X_YY_sstauhtauh,55,label_X_YY_sstauhtauh,55,label_X_YY_sstauhtauh,44,4P_HAD_2PARTON_TAUH_TAUH|nb0_nc0,26,4P_HAD_2PARTON_TAUH_TAUH|LG,18,4P_HAD_2PARTON_TAUH_TAUH|LG,10,4P_HAD_2PARTON_TAUH_TAUH,2,4P_VIS,0,RESONANT_ALL
56,label_X_YY_ssb,56,label_X_YY_ssb,56,label_X_YY_ssb,13,3P_HAD_3PARTON|nb1_nc0,6,3P_HAD_3PARTON|B,5,3P_HAD_3PARTON|HF,4,3P_HAD_3PARTON,1,3P_VIS,0,RESONANT_ALL
57,label_X_YY_ssc,57,label_X_YY_ssc,57,label_X_YY_ssc,17,3P_HAD_3PARTON|nb0_nc1,7,3P_HAD_3PARTON|C,5,3P_HAD_3PARTON|HF,4,3P_HAD_3PARTON,1,3P_VIS,0,RESONANT_ALL
58,label_X_YY_sss,58,label_X_YY_sss,58,label_X_YY_sss,18,3P_HAD_3PARTON|nb0_nc0,8,3P_HAD_3PARTON|LG,6,3P_HAD_3PARTON|LG,4,3P_HAD_3PARTON,1,3P_VIS,0,RESONANT_ALL
59,label_X_YY_ssq,59,label_X_YY_ssq,59,label_X_YY_ssq,18,3P_HAD_3PARTON|nb0_nc0,8,3P_HAD_3PARTON|LG,6,3P_HAD_3PARTON|LG,4,3P_HAD_3PARTON,1,3P_VIS,0,RESONANT_ALL
60,label_X_YY_ssg,60,label_X_YY_ssg,60,label_X_YY_ssg,18,3P_HAD_3PARTON|nb0_nc0,8,3P_HAD_3PARTON|LG,6,3P_HAD_3PARTON|LG,4,3P_HAD_3PARTON,1,3P_VIS,0,RESONANT_ALL
61,label_X_YY_sse,61,label_X_YY_sse,61,label_X_YY_sse,24,3P_SEMILEP_2PARTON_L|nb0_nc0,14,3P_SEMILEP_2PARTON_L|LG,10,3P_SEMILEP_2PARTON_L|LG,6,3P_SEMILEP_2PARTON_L,1,3P_VIS,0,RESONANT_ALL
62,label_X_YY_ssm,62,label_X_YY_ssm,62,label_X_YY_ssm,24,3P_SEMILEP_2PARTON_L|nb0_nc0,14,3P_SEMILEP_2PARTON_L|LG,10,3P_SEMILEP_2PARTON_L|LG,6,3P_SEMILEP_2PARTON_L,1,3P_VIS,0,RESONANT_ALL
63,label_X_YY_qqqq,63,label_X_YY_qqqq,63,label_X_YY_qqqq,41,4P_HAD_4PARTON|nb0_nc0,23,4P_HAD_4PARTON|LG,16,4P_HAD_4PARTON|LG,9,4P_HAD_4PARTON,2,4P_VIS,0,RESONANT_ALL
64,label_X_YY_qqgg,64,label_X_YY_qqgg,64,label_X_YY_qqgg,41,4P_HAD_4PARTON|nb0_nc0,23,4P_HAD_4PARTON|LG,16,4P_HAD_4PARTON|LG,9,4P_HAD_4PARTON,2,4P_VIS,0,RESONANT_ALL
65,label_X_YY_qqee,65,label_X_YY_qqee,65,label_X_YY_qqee,47,4P_SEMILEP_2PARTON_LL|nb0_nc0,29,4P_SEMILEP_2PARTON_LL|LG,20,4P_SEMILEP_2PARTON_LL|LG,11,4P_SEMILEP_2PARTON_LL,2,4P_VIS,0,RESONANT_ALL
66,label_X_YY_qqmm,66,label_X_YY_qqmm,66,label_X_YY_qqmm,47,4P_SEMILEP_2PARTON_LL|nb0_nc0,29,4P_SEMILEP_2PARTON_LL|LG,20,4P_SEMILEP_2PARTON_LL|LG,11,4P_SEMILEP_2PARTON_LL,2,4P_VIS,0,RESONANT_ALL
67,label_X_YY_qqtauhtaue,67,label_X_YY_qqtauhtaue,67,label_X_YY_qqtauhtaue,50,4P_SEMILEP_2PARTON_TAUH_TAUL|nb0_nc0,32,4P_SEMILEP_2PARTON_TAUH_TAUL|LG,22,4P_SEMILEP_2PARTON_TAUH_TAUL|LG,12,4P_SEMILEP_2PARTON_TAUH_TAUL,2,4P_VIS,0,RESONANT_ALL
68,label_X_YY_qqtauhtaum,68,label_X_YY_qqtauhtaum,68,label_X_YY_qqtauhtaum,50,4P_SEMILEP_2PARTON_TAUH_TAUL|nb0_nc0,32,4P_SEMILEP_2PARTON_TAUH_TAUL|LG,22,4P_SEMILEP_2PARTON_TAUH_TAUL|LG,12,4P_SEMILEP_2PARTON_TAUH_TAUL,2,4P_VIS,0,RESONANT_ALL
69,label_X_YY_qqtauhtauh,69,label_X_YY_qqtauhtauh,69,label_X_YY_qqtauhtauh,44,4P_HAD_2PARTON_TAUH_TAUH|nb0_nc0,26,4P_HAD_2PARTON_TAUH_TAUH|LG,18,4P_HAD_2PARTON_TAUH_TAUH|LG,10,4P_HAD_2PARTON_TAUH_TAUH,2,4P_VIS,0,RESONANT_ALL
70,label_X_YY_qqb,70,label_X_YY_qqb,70,label_X_YY_qqb,13,3P_HAD_3PARTON|nb1_nc0,6,3P_HAD_3PARTON|B,5,3P_HAD_3PARTON|HF,4,3P_HAD_3PARTON,1,3P_VIS,0,RESONANT_ALL
71,label_X_YY_qqc,71,label_X_YY_qqc,71,label_X_YY_qqc,17,3P_HAD_3PARTON|nb0_nc1,7,3P_HAD_3PARTON|C,5,3P_HAD_3PARTON|HF,4,3P_HAD_3PARTON,1,3P_VIS,0,RESONANT_ALL
72,label_X_YY_qqs,72,label_X_YY_qqs,72,label_X_YY_qqs,18,3P_HAD_3PARTON|nb0_nc0,8,3P_HAD_3PARTON|LG,6,3P_HAD_3PARTON|LG,4,3P_HAD_3PARTON,1,3P_VIS,0,RESONANT_ALL
73,label_X_YY_qqq,73,label_X_YY_qqq,73,label_X_YY_qqq,18,3P_HAD_3PARTON|nb0_nc0,8,3P_HAD_3PARTON|LG,6,3P_HAD_3PARTON|LG,4,3P_HAD_3PARTON,1,3P_VIS,0,RESONANT_ALL
74,label_X_YY_qqg,74,label_X_YY_qqg,74,label_X_YY_qqg,18,3P_HAD_3PARTON|nb0_nc0,8,3P_HAD_3PARTON|LG,6,3P_HAD_3PARTON|LG,4,3P_HAD_3PARTON,1,3P_VIS,0,RESONANT_ALL
75,label_X_YY_qqe,75,label_X_YY_qqe,75,label_X_YY_qqe,24,3P_SEMILEP_2PARTON_L|nb0_nc0,14,3P_SEMILEP_2PARTON_L|LG,10,3P_SEMILEP_2PARTON_L|LG,6,3P_SEMILEP_2PARTON_L,1,3P_VIS,0,RESONANT_ALL
76,label_X_YY_qqm,76,label_X_YY_qqm,76,label_X_YY_qqm,24,3P_SEMILEP_2PARTON_L|nb0_nc0,14,3P_SEMILEP_2PARTON_L|LG,10,3P_SEMILEP_2PARTON_L|LG,6,3P_SEMILEP_2PARTON_L,1,3P_VIS,0,RESONANT_ALL
77,label_X_YY_gggg,77,label_X_YY_gggg,77,label_X_YY_gggg,41,4P_HAD_4PARTON|nb0_nc0,23,4P_HAD_4PARTON|LG,16,4P_HAD_4PARTON|LG,9,4P_HAD_4PARTON,2,4P_VIS,0,RESONANT_ALL
78,label_X_YY_ggee,78,label_X_YY_ggee,78,label_X_YY_ggee,47,4P_SEMILEP_2PARTON_LL|nb0_nc0,29,4P_SEMILEP_2PARTON_LL|LG,20,4P_SEMILEP_2PARTON_LL|LG,11,4P_SEMILEP_2PARTON_LL,2,4P_VIS,0,RESONANT_ALL
79,label_X_YY_ggmm,79,label_X_YY_ggmm,79,label_X_YY_ggmm,47,4P_SEMILEP_2PARTON_LL|nb0_nc0,29,4P_SEMILEP_2PARTON_LL|LG,20,4P_SEMILEP_2PARTON_LL|LG,11,4P_SEMILEP_2PARTON_LL,2,4P_VIS,0,RESONANT_ALL
80,label_X_YY_ggtauhtaue,80,label_X_YY_ggtauhtaue,80,label_X_YY_ggtauhtaue,50,4P_SEMILEP_2PARTON_TAUH_TAUL|nb0_nc0,32,4P_SEMILEP_2PARTON_TAUH_TAUL|LG,22,4P_SEMILEP_2PARTON_TAUH_TAUL|LG,12,4P_SEMILEP_2PARTON_TAUH_TAUL,2,4P_VIS,0,RESONANT_ALL
81,label_X_YY_ggtauhtaum,81,label_X_YY_ggtauhtaum,81,label_X_YY_ggtauhtaum,50,4P_SEMILEP_2PARTON_TAUH_TAUL|nb0_nc0,32,4P_SEMILEP_2PARTON_TAUH_TAUL|LG,22,4P_SEMILEP_2PARTON_TAUH_TAUL|LG,12,4P_SEMILEP_2PARTON_TAUH_TAUL,2,4P_VIS,0,RESONANT_ALL
82,label_X_YY_ggtauhtauh,82,label_X_YY_ggtauhtauh,82,label_X_YY_ggtauhtauh,44,4P_HAD_2PARTON_TAUH_TAUH|nb0_nc0,26,4P_HAD_2PARTON_TAUH_TAUH|LG,18,4P_HAD_2PARTON_TAUH_TAUH|LG,10,4P_HAD_2PARTON_TAUH_TAUH,2,4P_VIS,0,RESONANT_ALL
83,label_X_YY_ggb,83,label_X_YY_ggb,83,label_X_YY_ggb,13,3P_HAD_3PARTON|nb1_nc0,6,3P_HAD_3PARTON|B,5,3P_HAD_3PARTON|HF,4,3P_HAD_3PARTON,1,3P_VIS,0,RESONANT_ALL
84,label_X_YY_ggc,84,label_X_YY_ggc,84,label_X_YY_ggc,17,3P_HAD_3PARTON|nb0_nc1,7,3P_HAD_3PARTON|C,5,3P_HAD_3PARTON|HF,4,3P_HAD_3PARTON,1,3P_VIS,0,RESONANT_ALL
85,label_X_YY_ggs,85,label_X_YY_ggs,85,label_X_YY_ggs,18,3P_HAD_3PARTON|nb0_nc0,8,3P_HAD_3PARTON|LG,6,3P_HAD_3PARTON|LG,4,3P_HAD_3PARTON,1,3P_VIS,0,RESONANT_ALL
86,label_X_YY_ggq,86,label_X_YY_ggq,86,label_X_YY_ggq,18,3P_HAD_3PARTON|nb0_nc0,8,3P_HAD_3PARTON|LG,6,3P_HAD_3PARTON|LG,4,3P_HAD_3PARTON,1,3P_VIS,0,RESONANT_ALL
87,label_X_YY_ggg,87,label_X_YY_ggg,87,label_X_YY_ggg,18,3P_HAD_3PARTON|nb0_nc0,8,3P_HAD_3PARTON|LG,6,3P_HAD_3PARTON|LG,4,3P_HAD_3PARTON,1,3P_VIS,0,RESONANT_ALL
88,label_X_YY_gge,88,label_X_YY_gge,88,label_X_YY_gge,24,3P_SEMILEP_2PARTON_L|nb0_nc0,14,3P_SEMILEP_2PARTON_L|LG,10,3P_SEMILEP_2PARTON_L|LG,6,3P_SEMILEP_2PARTON_L,1,3P_VIS,0,RESONANT_ALL
89,label_X_YY_ggm,89,label_X_YY_ggm,89,label_X_YY_ggm,24,3P_SEMILEP_2PARTON_L|nb0_nc0,14,3P_SEMILEP_2PARTON_L|LG,10,3P_SEMILEP_2PARTON_L|LG,6,3P_SEMILEP_2PARTON_L,1,3P_VIS,0,RESONANT_ALL
90,label_X_YY_bee,90,label_X_YY_bee,90,label_X_YY_bee,25,3P_SEMILEP_1PARTON_LL|nb1_nc0,15,3P_SEMILEP_1PARTON_LL|B,11,3P_SEMILEP_1PARTON_LL|HF,7,3P_SEMILEP_1PARTON_LL,1,3P_VIS,0,RESONANT_ALL
91,label_X_YY_cee,91,label_X_YY_cee,91,label_X_YY_cee,26,3P_SEMILEP_1PARTON_LL|nb0_nc1,16,3P_SEMILEP_1PARTON_LL|C,11,3P_SEMILEP_1PARTON_LL|HF,7,3P_SEMILEP_1PARTON_LL,1,3P_VIS,0,RESONANT_ALL
92,label_X_YY_see,92,label_X_YY_see,92,label_X_YY_see,27,3P_SEMILEP_1PARTON_LL|nb0_nc0,17,3P_SEMILEP_1PARTON_LL|LG,12,3P_SEMILEP_1PARTON_LL|LG,7,3P_SEMILEP_1PARTON_LL,1,3P_VIS,0,RESONANT_ALL
93,label_X_YY_qee,93,label_X_YY_qee,93,label_X_YY_qee,27,3P_SEMILEP_1PARTON_LL|nb0_nc0,17,3P_SEMILEP_1PARTON_LL|LG,12,3P_SEMILEP_1PARTON_LL|LG,7,3P_SEMILEP_1PARTON_LL,1,3P_VIS,0,RESONANT_ALL
94,label_X_YY_gee,94,label_X_YY_gee,94,label_X_YY_gee,27,3P_SEMILEP_1PARTON_LL|nb0_nc0,17,3P_SEMILEP_1PARTON_LL|LG,12,3P_SEMILEP_1PARTON_LL|LG,7,3P_SEMILEP_1PARTON_LL,1,3P_VIS,0,RESONANT_ALL
95,label_X_YY_bmm,95,label_X_YY_bmm,95,label_X_YY_bmm,25,3P_SEMILEP_1PARTON_LL|nb1_nc0,15,3P_SEMILEP_1PARTON_LL|B,11,3P_SEMILEP_1PARTON_LL|HF,7,3P_SEMILEP_1PARTON_LL,1,3P_VIS,0,RESONANT_ALL
96,label_X_YY_cmm,96,label_X_YY_cmm,96,label_X_YY_cmm,26,3P_SEMILEP_1PARTON_LL|nb0_nc1,16,3P_SEMILEP_1PARTON_LL|C,11,3P_SEMILEP_1PARTON_LL|HF,7,3P_SEMILEP_1PARTON_LL,1,3P_VIS,0,RESONANT_ALL
97,label_X_YY_smm,97,label_X_YY_smm,97,label_X_YY_smm,27,3P_SEMILEP_1PARTON_LL|nb0_nc0,17,3P_SEMILEP_1PARTON_LL|LG,12,3P_SEMILEP_1PARTON_LL|LG,7,3P_SEMILEP_1PARTON_LL,1,3P_VIS,0,RESONANT_ALL
98,label_X_YY_qmm,98,label_X_YY_qmm,98,label_X_YY_qmm,27,3P_SEMILEP_1PARTON_LL|nb0_nc0,17,3P_SEMILEP_1PARTON_LL|LG,12,3P_SEMILEP_1PARTON_LL|LG,7,3P_SEMILEP_1PARTON_LL,1,3P_VIS,0,RESONANT_ALL
99,label_X_YY_gmm,99,label_X_YY_gmm,99,label_X_YY_gmm,27,3P_SEMILEP_1PARTON_LL|nb0_nc0,17,3P_SEMILEP_1PARTON_LL|LG,12,3P_SEMILEP_1PARTON_LL|LG,7,3P_SEMILEP_1PARTON_LL,1,3P_VIS,0,RESONANT_ALL
100,label_X_YY_btauhtaue,100,label_X_YY_btauhtaue,100,label_X_YY_btauhtaue,28,3P_SEMILEP_1PARTON_TAUH_TAUL|nb1_nc0,18,3P_SEMILEP_1PARTON_TAUH_TAUL|B,13,3P_SEMILEP_1PARTON_TAUH_TAUL|HF,8,3P_SEMILEP_1PARTON_TAUH_TAUL,1,3P_VIS,0,RESONANT_ALL
101,label_X_YY_ctauhtaue,101,label_X_YY_ctauhtaue,101,label_X_YY_ctauhtaue,29,3P_SEMILEP_1PARTON_TAUH_TAUL|nb0_nc1,19,3P_SEMILEP_1PARTON_TAUH_TAUL|C,13,3P_SEMILEP_1PARTON_TAUH_TAUL|HF,8,3P_SEMILEP_1PARTON_TAUH_TAUL,1,3P_VIS,0,RESONANT_ALL
102,label_X_YY_stauhtaue,102,label_X_YY_stauhtaue,102,label_X_YY_stauhtaue,30,3P_SEMILEP_1PARTON_TAUH_TAUL|nb0_nc0,20,3P_SEMILEP_1PARTON_TAUH_TAUL|LG,14,3P_SEMILEP_1PARTON_TAUH_TAUL|LG,8,3P_SEMILEP_1PARTON_TAUH_TAUL,1,3P_VIS,0,RESONANT_ALL
103,label_X_YY_qtauhtaue,103,label_X_YY_qtauhtaue,103,label_X_YY_qtauhtaue,30,3P_SEMILEP_1PARTON_TAUH_TAUL|nb0_nc0,20,3P_SEMILEP_1PARTON_TAUH_TAUL|LG,14,3P_SEMILEP_1PARTON_TAUH_TAUL|LG,8,3P_SEMILEP_1PARTON_TAUH_TAUL,1,3P_VIS,0,RESONANT_ALL
104,label_X_YY_gtauhtaue,104,label_X_YY_gtauhtaue,104,label_X_YY_gtauhtaue,30,3P_SEMILEP_1PARTON_TAUH_TAUL|nb0_nc0,20,3P_SEMILEP_1PARTON_TAUH_TAUL|LG,14,3P_SEMILEP_1PARTON_TAUH_TAUL|LG,8,3P_SEMILEP_1PARTON_TAUH_TAUL,1,3P_VIS,0,RESONANT_ALL
105,label_X_YY_btauhtaum,105,label_X_YY_btauhtaum,105,label_X_YY_btauhtaum,28,3P_SEMILEP_1PARTON_TAUH_TAUL|nb1_nc0,18,3P_SEMILEP_1PARTON_TAUH_TAUL|B,13,3P_SEMILEP_1PARTON_TAUH_TAUL|HF,8,3P_SEMILEP_1PARTON_TAUH_TAUL,1,3P_VIS,0,RESONANT_ALL
106,label_X_YY_ctauhtaum,106,label_X_YY_ctauhtaum,106,label_X_YY_ctauhtaum,29,3P_SEMILEP_1PARTON_TAUH_TAUL|nb0_nc1,19,3P_SEMILEP_1PARTON_TAUH_TAUL|C,13,3P_SEMILEP_1PARTON_TAUH_TAUL|HF,8,3P_SEMILEP_1PARTON_TAUH_TAUL,1,3P_VIS,0,RESONANT_ALL
107,label_X_YY_stauhtaum,107,label_X_YY_stauhtaum,107,label_X_YY_stauhtaum,30,3P_SEMILEP_1PARTON_TAUH_TAUL|nb0_nc0,20,3P_SEMILEP_1PARTON_TAUH_TAUL|LG,14,3P_SEMILEP_1PARTON_TAUH_TAUL|LG,8,3P_SEMILEP_1PARTON_TAUH_TAUL,1,3P_VIS,0,RESONANT_ALL
108,label_X_YY_qtauhtaum,108,label_X_YY_qtauhtaum,108,label_X_YY_qtauhtaum,30,3P_SEMILEP_1PARTON_TAUH_TAUL|nb0_nc0,20,3P_SEMILEP_1PARTON_TAUH_TAUL|LG,14,3P_SEMILEP_1PARTON_TAUH_TAUL|LG,8,3P_SEMILEP_1PARTON_TAUH_TAUL,1,3P_VIS,0,RESONANT_ALL
109,label_X_YY_gtauhtaum,109,label_X_YY_gtauhtaum,109,label_X_YY_gtauhtaum,30,3P_SEMILEP_1PARTON_TAUH_TAUL|nb0_nc0,20,3P_SEMILEP_1PARTON_TAUH_TAUL|LG,14,3P_SEMILEP_1PARTON_TAUH_TAUL|LG,8,3P_SEMILEP_1PARTON_TAUH_TAUL,1,3P_VIS,0,RESONANT_ALL
110,label_X_YY_btauhtauh,110,label_X_YY_btauhtauh,110,label_X_YY_btauhtauh,19,3P_HAD_1PARTON_TAUH_TAUH|nb1_nc0,9,3P_HAD_1PARTON_TAUH_TAUH|B,7,3P_HAD_1PARTON_TAUH_TAUH|HF,5,3P_HAD_1PARTON_TAUH_TAUH,1,3P_VIS,0,RESONANT_ALL
111,label_X_YY_ctauhtauh,111,label_X_YY_ctauhtauh,111,label_X_YY_ctauhtauh,20,3P_HAD_1PARTON_TAUH_TAUH|nb0_nc1,10,3P_HAD_1PARTON_TAUH_TAUH|C,7,3P_HAD_1PARTON_TAUH_TAUH|HF,5,3P_HAD_1PARTON_TAUH_TAUH,1,3P_VIS,0,RESONANT_ALL
112,label_X_YY_stauhtauh,112,label_X_YY_stauhtauh,112,label_X_YY_stauhtauh,21,3P_HAD_1PARTON_TAUH_TAUH|nb0_nc0,11,3P_HAD_1PARTON_TAUH_TAUH|LG,8,3P_HAD_1PARTON_TAUH_TAUH|LG,5,3P_HAD_1PARTON_TAUH_TAUH,1,3P_VIS,0,RESONANT_ALL
113,label_X_YY_qtauhtauh,113,label_X_YY_qtauhtauh,113,label_X_YY_qtauhtauh,21,3P_HAD_1PARTON_TAUH_TAUH|nb0_nc0,11,3P_HAD_1PARTON_TAUH_TAUH|LG,8,3P_HAD_1PARTON_TAUH_TAUH|LG,5,3P_HAD_1PARTON_TAUH_TAUH,1,3P_VIS,0,RESONANT_ALL
114,label_X_YY_gtauhtauh,114,label_X_YY_gtauhtauh,114,label_X_YY_gtauhtauh,21,3P_HAD_1PARTON_TAUH_TAUH|nb0_nc0,11,3P_HAD_1PARTON_TAUH_TAUH|LG,8,3P_HAD_1PARTON_TAUH_TAUH|LG,5,3P_HAD_1PARTON_TAUH_TAUH,1,3P_VIS,0,RESONANT_ALL
115,label_X_YY_qqqb,115,label_X_YY_qqqb,115,label_X_YY_qqqb,34,4P_HAD_4PARTON|nb1_nc0,21,4P_HAD_4PARTON|B,15,4P_HAD_4PARTON|HF,9,4P_HAD_4PARTON,2,4P_VIS,0,RESONANT_ALL
116,label_X_YY_qqqc,116,label_X_YY_qqqc,116,label_X_YY_qqqc,40,4P_HAD_4PARTON|nb0_nc1,22,4P_HAD_4PARTON|C,15,4P_HAD_4PARTON|HF,9,4P_HAD_4PARTON,2,4P_VIS,0,RESONANT_ALL
117,label_X_YY_qqqs,117,label_X_YY_qqqs,117,label_X_YY_qqqs,41,4P_HAD_4PARTON|nb0_nc0,23,4P_HAD_4PARTON|LG,16,4P_HAD_4PARTON|LG,9,4P_HAD_4PARTON,2,4P_VIS,0,RESONANT_ALL
118,label_X_YY_bbcq,118,label_X_YY_bbcq,118,label_X_YY_bbcq,35,4P_HAD_4PARTON|nb2_nc1,21,4P_HAD_4PARTON|B,15,4P_HAD_4PARTON|HF,9,4P_HAD_4PARTON,2,4P_VIS,0,RESONANT_ALL
119,label_X_YY_ccbs,119,label_X_YY_ccbs,119,label_X_YY_ccbs,36,4P_HAD_4PARTON|nb1_nc2,21,4P_HAD_4PARTON|B,15,4P_HAD_4PARTON|HF,9,4P_HAD_4PARTON,2,4P_VIS,0,RESONANT_ALL
120,label_X_YY_ccbq,120,label_X_YY_ccbq,120,label_X_YY_ccbq,36,4P_HAD_4PARTON|nb1_nc2,21,4P_HAD_4PARTON|B,15,4P_HAD_4PARTON|HF,9,4P_HAD_4PARTON,2,4P_VIS,0,RESONANT_ALL
121,label_X_YY_ccsq,121,label_X_YY_ccsq,121,label_X_YY_ccsq,39,4P_HAD_4PARTON|nb0_nc2,22,4P_HAD_4PARTON|C,15,4P_HAD_4PARTON|HF,9,4P_HAD_4PARTON,2,4P_VIS,0,RESONANT_ALL
122,label_X_YY_sscq,122,label_X_YY_sscq,122,label_X_YY_sscq,40,4P_HAD_4PARTON|nb0_nc1,22,4P_HAD_4PARTON|C,15,4P_HAD_4PARTON|HF,9,4P_HAD_4PARTON,2,4P_VIS,0,RESONANT_ALL
123,label_X_YY_qqbc,123,label_X_YY_qqbc,123,label_X_YY_qqbc,37,4P_HAD_4PARTON|nb1_nc1,21,4P_HAD_4PARTON|B,15,4P_HAD_4PARTON|HF,9,4P_HAD_4PARTON,2,4P_VIS,0,RESONANT_ALL
124,label_X_YY_qqbs,124,label_X_YY_qqbs,124,label_X_YY_qqbs,34,4P_HAD_4PARTON|nb1_nc0,21,4P_HAD_4PARTON|B,15,4P_HAD_4PARTON|HF,9,4P_HAD_4PARTON,2,4P_VIS,0,RESONANT_ALL
125,label_X_YY_qqcs,125,label_X_YY_qqcs,125,label_X_YY_qqcs,40,4P_HAD_4PARTON|nb0_nc1,22,4P_HAD_4PARTON|C,15,4P_HAD_4PARTON|HF,9,4P_HAD_4PARTON,2,4P_VIS,0,RESONANT_ALL
126,label_X_YY_bcsq,126,label_X_YY_bcsq,126,label_X_YY_bcsq,37,4P_HAD_4PARTON|nb1_nc1,21,4P_HAD_4PARTON|B,15,4P_HAD_4PARTON|HF,9,4P_HAD_4PARTON,2,4P_VIS,0,RESONANT_ALL
127,label_X_YY_bcs,127,label_X_YY_bcs,127,label_X_YY_bcs,14,3P_HAD_3PARTON|nb1_nc1,6,3P_HAD_3PARTON|B,5,3P_HAD_3PARTON|HF,4,3P_HAD_3PARTON,1,3P_VIS,0,RESONANT_ALL
128,label_X_YY_bcq,128,label_X_YY_bcq,128,label_X_YY_bcq,14,3P_HAD_3PARTON|nb1_nc1,6,3P_HAD_3PARTON|B,5,3P_HAD_3PARTON|HF,4,3P_HAD_3PARTON,1,3P_VIS,0,RESONANT_ALL
129,label_X_YY_bsq,129,label_X_YY_bsq,129,label_X_YY_bsq,13,3P_HAD_3PARTON|nb1_nc0,6,3P_HAD_3PARTON|B,5,3P_HAD_3PARTON|HF,4,3P_HAD_3PARTON,1,3P_VIS,0,RESONANT_ALL
130,label_X_YY_csq,130,label_X_YY_csq,130,label_X_YY_csq,17,3P_HAD_3PARTON|nb0_nc1,7,3P_HAD_3PARTON|C,5,3P_HAD_3PARTON|HF,4,3P_HAD_3PARTON,1,3P_VIS,0,RESONANT_ALL
131,label_X_YY_bcev,131,label_X_YY_bcev,131,label_X_YY_bcev,51,4P_SEMILEP_NU_2PARTON_L|nb1_nc1,33,4P_SEMILEP_NU_2PARTON_L|B,23,4P_SEMILEP_NU_2PARTON_L|HF,13,4P_SEMILEP_NU_2PARTON_L,1,3P_VIS,0,RESONANT_ALL
132,label_X_YY_csev,132,label_X_YY_csev,132,label_X_YY_csev,53,4P_SEMILEP_NU_2PARTON_L|nb0_nc1,34,4P_SEMILEP_NU_2PARTON_L|C,23,4P_SEMILEP_NU_2PARTON_L|HF,13,4P_SEMILEP_NU_2PARTON_L,1,3P_VIS,0,RESONANT_ALL
133,label_X_YY_bqev,133,label_X_YY_bqev,133,label_X_YY_bqev,52,4P_SEMILEP_NU_2PARTON_L|nb1_nc0,33,4P_SEMILEP_NU_2PARTON_L|B,23,4P_SEMILEP_NU_2PARTON_L|HF,13,4P_SEMILEP_NU_2PARTON_L,1,3P_VIS,0,RESONANT_ALL
134,label_X_YY_cqev,134,label_X_YY_cqev,134,label_X_YY_cqev,53,4P_SEMILEP_NU_2PARTON_L|nb0_nc1,34,4P_SEMILEP_NU_2PARTON_L|C,23,4P_SEMILEP_NU_2PARTON_L|HF,13,4P_SEMILEP_NU_2PARTON_L,1,3P_VIS,0,RESONANT_ALL
135,label_X_YY_sqev,135,label_X_YY_sqev,135,label_X_YY_sqev,54,4P_SEMILEP_NU_2PARTON_L|nb0_nc0,35,4P_SEMILEP_NU_2PARTON_L|LG,24,4P_SEMILEP_NU_2PARTON_L|LG,13,4P_SEMILEP_NU_2PARTON_L,1,3P_VIS,0,RESONANT_ALL
136,label_X_YY_qqev,136,label_X_YY_qqev,136,label_X_YY_qqev,54,4P_SEMILEP_NU_2PARTON_L|nb0_nc0,35,4P_SEMILEP_NU_2PARTON_L|LG,24,4P_SEMILEP_NU_2PARTON_L|LG,13,4P_SEMILEP_NU_2PARTON_L,1,3P_VIS,0,RESONANT_ALL
137,label_X_YY_bcmv,137,label_X_YY_bcmv,137,label_X_YY_bcmv,51,4P_SEMILEP_NU_2PARTON_L|nb1_nc1,33,4P_SEMILEP_NU_2PARTON_L|B,23,4P_SEMILEP_NU_2PARTON_L|HF,13,4P_SEMILEP_NU_2PARTON_L,1,3P_VIS,0,RESONANT_ALL
138,label_X_YY_csmv,138,label_X_YY_csmv,138,label_X_YY_csmv,53,4P_SEMILEP_NU_2PARTON_L|nb0_nc1,34,4P_SEMILEP_NU_2PARTON_L|C,23,4P_SEMILEP_NU_2PARTON_L|HF,13,4P_SEMILEP_NU_2PARTON_L,1,3P_VIS,0,RESONANT_ALL
139,label_X_YY_bqmv,139,label_X_YY_bqmv,139,label_X_YY_bqmv,52,4P_SEMILEP_NU_2PARTON_L|nb1_nc0,33,4P_SEMILEP_NU_2PARTON_L|B,23,4P_SEMILEP_NU_2PARTON_L|HF,13,4P_SEMILEP_NU_2PARTON_L,1,3P_VIS,0,RESONANT_ALL
140,label_X_YY_cqmv,140,label_X_YY_cqmv,140,label_X_YY_cqmv,53,4P_SEMILEP_NU_2PARTON_L|nb0_nc1,34,4P_SEMILEP_NU_2PARTON_L|C,23,4P_SEMILEP_NU_2PARTON_L|HF,13,4P_SEMILEP_NU_2PARTON_L,1,3P_VIS,0,RESONANT_ALL
141,label_X_YY_sqmv,141,label_X_YY_sqmv,141,label_X_YY_sqmv,54,4P_SEMILEP_NU_2PARTON_L|nb0_nc0,35,4P_SEMILEP_NU_2PARTON_L|LG,24,4P_SEMILEP_NU_2PARTON_L|LG,13,4P_SEMILEP_NU_2PARTON_L,1,3P_VIS,0,RESONANT_ALL
142,label_X_YY_qqmv,142,label_X_YY_qqmv,142,label_X_YY_qqmv,54,4P_SEMILEP_NU_2PARTON_L|nb0_nc0,35,4P_SEMILEP_NU_2PARTON_L|LG,24,4P_SEMILEP_NU_2PARTON_L|LG,13,4P_SEMILEP_NU_2PARTON_L,1,3P_VIS,0,RESONANT_ALL
143,label_X_YY_bctauev,143,label_X_YY_bctauev,143,label_X_YY_bctauev,55,4P_SEMILEP_NU_2PARTON_TAUL|nb1_nc1,36,4P_SEMILEP_NU_2PARTON_TAUL|B,25,4P_SEMILEP_NU_2PARTON_TAUL|HF,14,4P_SEMILEP_NU_2PARTON_TAUL,1,3P_VIS,0,RESONANT_ALL
144,label_X_YY_cstauev,144,label_X_YY_cstauev,144,label_X_YY_cstauev,57,4P_SEMILEP_NU_2PARTON_TAUL|nb0_nc1,37,4P_SEMILEP_NU_2PARTON_TAUL|C,25,4P_SEMILEP_NU_2PARTON_TAUL|HF,14,4P_SEMILEP_NU_2PARTON_TAUL,1,3P_VIS,0,RESONANT_ALL
145,label_X_YY_bqtauev,145,label_X_YY_bqtauev,145,label_X_YY_bqtauev,56,4P_SEMILEP_NU_2PARTON_TAUL|nb1_nc0,36,4P_SEMILEP_NU_2PARTON_TAUL|B,25,4P_SEMILEP_NU_2PARTON_TAUL|HF,14,4P_SEMILEP_NU_2PARTON_TAUL,1,3P_VIS,0,RESONANT_ALL
146,label_X_YY_cqtauev,146,label_X_YY_cqtauev,146,label_X_YY_cqtauev,57,4P_SEMILEP_NU_2PARTON_TAUL|nb0_nc1,37,4P_SEMILEP_NU_2PARTON_TAUL|C,25,4P_SEMILEP_NU_2PARTON_TAUL|HF,14,4P_SEMILEP_NU_2PARTON_TAUL,1,3P_VIS,0,RESONANT_ALL
147,label_X_YY_sqtauev,147,label_X_YY_sqtauev,147,label_X_YY_sqtauev,58,4P_SEMILEP_NU_2PARTON_TAUL|nb0_nc0,38,4P_SEMILEP_NU_2PARTON_TAUL|LG,26,4P_SEMILEP_NU_2PARTON_TAUL|LG,14,4P_SEMILEP_NU_2PARTON_TAUL,1,3P_VIS,0,RESONANT_ALL
148,label_X_YY_qqtauev,148,label_X_YY_qqtauev,148,label_X_YY_qqtauev,58,4P_SEMILEP_NU_2PARTON_TAUL|nb0_nc0,38,4P_SEMILEP_NU_2PARTON_TAUL|LG,26,4P_SEMILEP_NU_2PARTON_TAUL|LG,14,4P_SEMILEP_NU_2PARTON_TAUL,1,3P_VIS,0,RESONANT_ALL
149,label_X_YY_bctaumv,149,label_X_YY_bctaumv,149,label_X_YY_bctaumv,55,4P_SEMILEP_NU_2PARTON_TAUL|nb1_nc1,36,4P_SEMILEP_NU_2PARTON_TAUL|B,25,4P_SEMILEP_NU_2PARTON_TAUL|HF,14,4P_SEMILEP_NU_2PARTON_TAUL,1,3P_VIS,0,RESONANT_ALL
150,label_X_YY_cstaumv,150,label_X_YY_cstaumv,150,label_X_YY_cstaumv,57,4P_SEMILEP_NU_2PARTON_TAUL|nb0_nc1,37,4P_SEMILEP_NU_2PARTON_TAUL|C,25,4P_SEMILEP_NU_2PARTON_TAUL|HF,14,4P_SEMILEP_NU_2PARTON_TAUL,1,3P_VIS,0,RESONANT_ALL
151,label_X_YY_bqtaumv,151,label_X_YY_bqtaumv,151,label_X_YY_bqtaumv,56,4P_SEMILEP_NU_2PARTON_TAUL|nb1_nc0,36,4P_SEMILEP_NU_2PARTON_TAUL|B,25,4P_SEMILEP_NU_2PARTON_TAUL|HF,14,4P_SEMILEP_NU_2PARTON_TAUL,1,3P_VIS,0,RESONANT_ALL
152,label_X_YY_cqtaumv,152,label_X_YY_cqtaumv,152,label_X_YY_cqtaumv,57,4P_SEMILEP_NU_2PARTON_TAUL|nb0_nc1,37,4P_SEMILEP_NU_2PARTON_TAUL|C,25,4P_SEMILEP_NU_2PARTON_TAUL|HF,14,4P_SEMILEP_NU_2PARTON_TAUL,1,3P_VIS,0,RESONANT_ALL
153,label_X_YY_sqtaumv,153,label_X_YY_sqtaumv,153,label_X_YY_sqtaumv,58,4P_SEMILEP_NU_2PARTON_TAUL|nb0_nc0,38,4P_SEMILEP_NU_2PARTON_TAUL|LG,26,4P_SEMILEP_NU_2PARTON_TAUL|LG,14,4P_SEMILEP_NU_2PARTON_TAUL,1,3P_VIS,0,RESONANT_ALL
154,label_X_YY_qqtaumv,154,label_X_YY_qqtaumv,154,label_X_YY_qqtaumv,58,4P_SEMILEP_NU_2PARTON_TAUL|nb0_nc0,38,4P_SEMILEP_NU_2PARTON_TAUL|LG,26,4P_SEMILEP_NU_2PARTON_TAUL|LG,14,4P_SEMILEP_NU_2PARTON_TAUL,1,3P_VIS,0,RESONANT_ALL
155,label_X_YY_bctauhv,155,label_X_YY_bctauhv,155,label_X_YY_bctauhv,59,4P_HADVIS_NU_2PARTON_TAUH|nb1_nc1,39,4P_HADVIS_NU_2PARTON_TAUH|B,27,4P_HADVIS_NU_2PARTON_TAUH|HF,15,4P_HADVIS_NU_2PARTON_TAUH,1,3P_VIS,0,RESONANT_ALL
156,label_X_YY_cstauhv,156,label_X_YY_cstauhv,156,label_X_YY_cstauhv,61,4P_HADVIS_NU_2PARTON_TAUH|nb0_nc1,40,4P_HADVIS_NU_2PARTON_TAUH|C,27,4P_HADVIS_NU_2PARTON_TAUH|HF,15,4P_HADVIS_NU_2PARTON_TAUH,1,3P_VIS,0,RESONANT_ALL
157,label_X_YY_bqtauhv,157,label_X_YY_bqtauhv,157,label_X_YY_bqtauhv,60,4P_HADVIS_NU_2PARTON_TAUH|nb1_nc0,39,4P_HADVIS_NU_2PARTON_TAUH|B,27,4P_HADVIS_NU_2PARTON_TAUH|HF,15,4P_HADVIS_NU_2PARTON_TAUH,1,3P_VIS,0,RESONANT_ALL
158,label_X_YY_cqtauhv,158,label_X_YY_cqtauhv,158,label_X_YY_cqtauhv,61,4P_HADVIS_NU_2PARTON_TAUH|nb0_nc1,40,4P_HADVIS_NU_2PARTON_TAUH|C,27,4P_HADVIS_NU_2PARTON_TAUH|HF,15,4P_HADVIS_NU_2PARTON_TAUH,1,3P_VIS,0,RESONANT_ALL
159,label_X_YY_sqtauhv,159,label_X_YY_sqtauhv,159,label_X_YY_sqtauhv,62,4P_HADVIS_NU_2PARTON_TAUH|nb0_nc0,41,4P_HADVIS_NU_2PARTON_TAUH|LG,28,4P_HADVIS_NU_2PARTON_TAUH|LG,15,4P_HADVIS_NU_2PARTON_TAUH,1,3P_VIS,0,RESONANT_ALL
160,label_X_YY_qqtauhv,160,label_X_YY_qqtauhv,160,label_X_YY_qqtauhv,62,4P_HADVIS_NU_2PARTON_TAUH|nb0_nc0,41,4P_HADVIS_NU_2PARTON_TAUH|LG,28,4P_HADVIS_NU_2PARTON_TAUH|LG,15,4P_HADVIS_NU_2PARTON_TAUH,1,3P_VIS,0,RESONANT_ALL
161,label_QCD_bbccss,161,label_QCD_bbccss,161,QCD_ALL,63,QCD_ALL,42,QCD_ALL,29,QCD_ALL,16,QCD_ALL,3,QCD_ALL,1,QCD_ALL
162,label_QCD_bbccs,162,label_QCD_bbccs,161,QCD_ALL,63,QCD_ALL,42,QCD_ALL,29,QCD_ALL,16,QCD_ALL,3,QCD_ALL,1,QCD_ALL
163,label_QCD_bbcc,163,label_QCD_bbcc,161,QCD_ALL,63,QCD_ALL,42,QCD_ALL,29,QCD_ALL,16,QCD_ALL,3,QCD_ALL,1,QCD_ALL
164,label_QCD_bbcss,164,label_QCD_bbcss,161,QCD_ALL,63,QCD_ALL,42,QCD_ALL,29,QCD_ALL,16,QCD_ALL,3,QCD_ALL,1,QCD_ALL
165,label_QCD_bbcs,165,label_QCD_bbcs,161,QCD_ALL,63,QCD_ALL,42,QCD_ALL,29,QCD_ALL,16,QCD_ALL,3,QCD_ALL,1,QCD_ALL
166,label_QCD_bbc,166,label_QCD_bbc,161,QCD_ALL,63,QCD_ALL,42,QCD_ALL,29,QCD_ALL,16,QCD_ALL,3,QCD_ALL,1,QCD_ALL
167,label_QCD_bbss,167,label_QCD_bbss,161,QCD_ALL,63,QCD_ALL,42,QCD_ALL,29,QCD_ALL,16,QCD_ALL,3,QCD_ALL,1,QCD_ALL
168,label_QCD_bbs,168,label_QCD_bbs,161,QCD_ALL,63,QCD_ALL,42,QCD_ALL,29,QCD_ALL,16,QCD_ALL,3,QCD_ALL,1,QCD_ALL
169,label_QCD_bb,169,label_QCD_bb,161,QCD_ALL,63,QCD_ALL,42,QCD_ALL,29,QCD_ALL,16,QCD_ALL,3,QCD_ALL,1,QCD_ALL
170,label_QCD_bccss,170,label_QCD_bccss,161,QCD_ALL,63,QCD_ALL,42,QCD_ALL,29,QCD_ALL,16,QCD_ALL,3,QCD_ALL,1,QCD_ALL
171,label_QCD_bccs,171,label_QCD_bccs,161,QCD_ALL,63,QCD_ALL,42,QCD_ALL,29,QCD_ALL,16,QCD_ALL,3,QCD_ALL,1,QCD_ALL
172,label_QCD_bcc,172,label_QCD_bcc,161,QCD_ALL,63,QCD_ALL,42,QCD_ALL,29,QCD_ALL,16,QCD_ALL,3,QCD_ALL,1,QCD_ALL
173,label_QCD_bcss,173,label_QCD_bcss,161,QCD_ALL,63,QCD_ALL,42,QCD_ALL,29,QCD_ALL,16,QCD_ALL,3,QCD_ALL,1,QCD_ALL
174,label_QCD_bcs,174,label_QCD_bcs,161,QCD_ALL,63,QCD_ALL,42,QCD_ALL,29,QCD_ALL,16,QCD_ALL,3,QCD_ALL,1,QCD_ALL
175,label_QCD_bc,175,label_QCD_bc,161,QCD_ALL,63,QCD_ALL,42,QCD_ALL,29,QCD_ALL,16,QCD_ALL,3,QCD_ALL,1,QCD_ALL
176,label_QCD_bss,176,label_QCD_bss,161,QCD_ALL,63,QCD_ALL,42,QCD_ALL,29,QCD_ALL,16,QCD_ALL,3,QCD_ALL,1,QCD_ALL
177,label_QCD_bs,177,label_QCD_bs,161,QCD_ALL,63,QCD_ALL,42,QCD_ALL,29,QCD_ALL,16,QCD_ALL,3,QCD_ALL,1,QCD_ALL
178,label_QCD_b,178,label_QCD_b,161,QCD_ALL,63,QCD_ALL,42,QCD_ALL,29,QCD_ALL,16,QCD_ALL,3,QCD_ALL,1,QCD_ALL
179,label_QCD_ccss,179,label_QCD_ccss,161,QCD_ALL,63,QCD_ALL,42,QCD_ALL,29,QCD_ALL,16,QCD_ALL,3,QCD_ALL,1,QCD_ALL
180,label_QCD_ccs,180,label_QCD_ccs,161,QCD_ALL,63,QCD_ALL,42,QCD_ALL,29,QCD_ALL,16,QCD_ALL,3,QCD_ALL,1,QCD_ALL
181,label_QCD_cc,181,label_QCD_cc,161,QCD_ALL,63,QCD_ALL,42,QCD_ALL,29,QCD_ALL,16,QCD_ALL,3,QCD_ALL,1,QCD_ALL
182,label_QCD_css,182,label_QCD_css,161,QCD_ALL,63,QCD_ALL,42,QCD_ALL,29,QCD_ALL,16,QCD_ALL,3,QCD_ALL,1,QCD_ALL
183,label_QCD_cs,183,label_QCD_cs,161,QCD_ALL,63,QCD_ALL,42,QCD_ALL,29,QCD_ALL,16,QCD_ALL,3,QCD_ALL,1,QCD_ALL
184,label_QCD_c,184,label_QCD_c,161,QCD_ALL,63,QCD_ALL,42,QCD_ALL,29,QCD_ALL,16,QCD_ALL,3,QCD_ALL,1,QCD_ALL
185,label_QCD_ss,185,label_QCD_ss,161,QCD_ALL,63,QCD_ALL,42,QCD_ALL,29,QCD_ALL,16,QCD_ALL,3,QCD_ALL,1,QCD_ALL
186,label_QCD_s,186,label_QCD_s,161,QCD_ALL,63,QCD_ALL,42,QCD_ALL,29,QCD_ALL,16,QCD_ALL,3,QCD_ALL,1,QCD_ALL
187,label_QCD_light,187,label_QCD_light,161,QCD_ALL,63,QCD_ALL,42,QCD_ALL,29,QCD_ALL,16,QCD_ALL,3,QCD_ALL,1,QCD_ALL
