rung,group_id,group_name,n_native,raw_stored_train,selected_train,unique_sampled_train,repeat_factor,effective_share_exact,share_provenance,test_selected
L188,0,label_X_bb,1,,,,,,MEASURED_REQUIRED_cuts_inside_reweight_group,
L188,1,label_X_cc,1,,,,,,MEASURED_REQUIRED_cuts_inside_reweight_group,
L188,2,label_X_ss,1,,,,,,MEASURED_REQUIRED_cuts_inside_reweight_group,
L188,3,label_X_qq,1,,,,,,MEASURED_REQUIRED_cuts_inside_reweight_group,
L188,4,label_X_bc,1,,,,,,MEASURED_REQUIRED_cuts_inside_reweight_group,
L188,5,label_X_cs,1,,,,,,MEASURED_REQUIRED_cuts_inside_reweight_group,
L188,6,label_X_bq,1,,,,,,MEASURED_REQUIRED_cuts_inside_reweight_group,
L188,7,label_X_cq,1,,,,,,MEASURED_REQUIRED_cuts_inside_reweight_group,
L188,8,label_X_sq,1,,,,,,MEASURED_REQUIRED_cuts_inside_reweight_group,
L188,9,label_X_gg,1,,,,,0.02887253,EXACT_ALGEBRA_ON_CLASS_WEIGHTS,
L188,10,label_X_ee,1,,,,,,MEASURED_REQUIRED_cuts_inside_reweight_group,
L188,11,label_X_mm,1,,,,,,MEASURED_REQUIRED_cuts_inside_reweight_group,
L188,12,label_X_tauhtaue,1,,,,,,MEASURED_REQUIRED_cuts_inside_reweight_group,
L188,13,label_X_tauhtaum,1,,,,,,MEASURED_REQUIRED_cuts_inside_reweight_group,
L188,14,label_X_tauhtauh,1,,,,,0.00866176,EXACT_ALGEBRA_ON_CLASS_WEIGHTS,
L188,15,label_X_YY_bbbb,1,,,,,,MEASURED_REQUIRED_cuts_inside_reweight_group,
L188,16,label_X_YY_bbcc,1,,,,,,MEASURED_REQUIRED_cuts_inside_reweight_group,
L188,17,label_X_YY_bbss,1,,,,,,MEASURED_REQUIRED_cuts_inside_reweight_group,
L188,18,label_X_YY_bbqq,1,,,,,,MEASURED_REQUIRED_cuts_inside_reweight_group,
L188,19,label_X_YY_bbgg,1,,,,,,MEASURED_REQUIRED_cuts_inside_reweight_group,
L188,20,label_X_YY_bbee,1,,,,,,MEASURED_REQUIRED_cuts_inside_reweight_group,
L188,21,label_X_YY_bbmm,1,,,,,,MEASURED_REQUIRED_cuts_inside_reweight_group,
L188,22,label_X_YY_bbtauhtaue,1,,,,,,MEASURED_REQUIRED_cuts_inside_reweight_group,
L188,23,label_X_YY_bbtauhtaum,1,,,,,,MEASURED_REQUIRED_cuts_inside_reweight_group,
L188,24,label_X_YY_bbtauhtauh,1,,,,,,MEASURED_REQUIRED_cuts_inside_reweight_group,
L188,25,label_X_YY_bbb,1,,,,,,MEASURED_REQUIRED_cuts_inside_reweight_group,
L188,26,label_X_YY_bbc,1,,,,,,MEASURED_REQUIRED_cuts_inside_reweight_group,
L188,27,label_X_YY_bbs,1,,,,,,MEASURED_REQUIRED_cuts_inside_reweight_group,
L188,28,label_X_YY_bbq,1,,,,,,MEASURED_REQUIRED_cuts_inside_reweight_group,
L188,29,label_X_YY_bbg,1,,,,,,MEASURED_REQUIRED_cuts_inside_reweight_group,
L188,30,label_X_YY_bbe,1,,,,,,MEASURED_REQUIRED_cuts_inside_reweight_group,
L188,31,label_X_YY_bbm,1,,,,,,MEASURED_REQUIRED_cuts_inside_reweight_group,
L188,32,label_X_YY_cccc,1,,,,,,MEASURED_REQUIRED_cuts_inside_reweight_group,
L188,33,label_X_YY_ccss,1,,,,,,MEASURED_REQUIRED_cuts_inside_reweight_group,
L188,34,label_X_YY_ccqq,1,,,,,,MEASURED_REQUIRED_cuts_inside_reweight_group,
L188,35,label_X_YY_ccgg,1,,,,,,MEASURED_REQUIRED_cuts_inside_reweight_group,
L188,36,label_X_YY_ccee,1,,,,,,MEASURED_REQUIRED_cuts_inside_reweight_group,
L188,37,label_X_YY_ccmm,1,,,,,,MEASURED_REQUIRED_cuts_inside_reweight_group,
L188,38,label_X_YY_cctauhtaue,1,,,,,,MEASURED_REQUIRED_cuts_inside_reweight_group,
L188,39,label_X_YY_cctauhtaum,1,,,,,,MEASURED_REQUIRED_cuts_inside_reweight_group,
L188,40,label_X_YY_cctauhtauh,1,,,,,,MEASURED_REQUIRED_cuts_inside_reweight_group,
L188,41,label_X_YY_ccb,1,,,,,,MEASURED_REQUIRED_cuts_inside_reweight_group,
L188,42,label_X_YY_ccc,1,,,,,,MEASURED_REQUIRED_cuts_inside_reweight_group,
L188,43,label_X_YY_ccs,1,,,,,,MEASURED_REQUIRED_cuts_inside_reweight_group,
L188,44,label_X_YY_ccq,1,,,,,,MEASURED_REQUIRED_cuts_inside_reweight_group,
L188,45,label_X_YY_ccg,1,,,,,,MEASURED_REQUIRED_cuts_inside_reweight_group,
L188,46,label_X_YY_cce,1,,,,,,MEASURED_REQUIRED_cuts_inside_reweight_group,
L188,47,label_X_YY_ccm,1,,,,,,MEASURED_REQUIRED_cuts_inside_reweight_group,
L188,48,label_X_YY_ssss,1,,,,,,MEASURED_REQUIRED_cuts_inside_reweight_group,
L188,49,label_X_YY_ssqq,1,,,,,,MEASURED_REQUIRED_cuts_inside_reweight_group,
L188,50,label_X_YY_ssgg,1,,,,,,MEASURED_REQUIRED_cuts_inside_reweight_group,
L188,51,label_X_YY_ssee,1,,,,,,MEASURED_REQUIRED_cuts_inside_reweight_group,
L188,52,label_X_YY_ssmm,1,,,,,,MEASURED_REQUIRED_cuts_inside_reweight_group,
L188,53,label_X_YY_sstauhtaue,1,,,,,,MEASURED_REQUIRED_cuts_inside_reweight_group,
L188,54,label_X_YY_sstauhtaum,1,,,,,,MEASURED_REQUIRED_cuts_inside_reweight_group,
L188,55,label_X_YY_sstauhtauh,1,,,,,,MEASURED_REQUIRED_cuts_inside_reweight_group,
L188,56,label_X_YY_ssb,1,,,,,,MEASURED_REQUIRED_cuts_inside_reweight_group,
L188,57,label_X_YY_ssc,1,,,,,,MEASURED_REQUIRED_cuts_inside_reweight_group,
L188,58,label_X_YY_sss,1,,,,,,MEASURED_REQUIRED_cuts_inside_reweight_group,
L188,59,label_X_YY_ssq,1,,,,,,MEASURED_REQUIRED_cuts_inside_reweight_group,
L188,60,label_X_YY_ssg,1,,,,,,MEASURED_REQUIRED_cuts_inside_reweight_group,
L188,61,label_X_YY_sse,1,,,,,,MEASURED_REQUIRED_cuts_inside_reweight_group,
L188,62,label_X_YY_ssm,1,,,,,,MEASURED_REQUIRED_cuts_inside_reweight_group,
L188,63,label_X_YY_qqqq,1,,,,,,MEASURED_REQUIRED_cuts_inside_reweight_group,
L188,64,label_X_YY_qqgg,1,,,,,,MEASURED_REQUIRED_cuts_inside_reweight_group,
L188,65,label_X_YY_qqee,1,,,,,,MEASURED_REQUIRED_cuts_inside_reweight_group,
L188,66,label_X_YY_qqmm,1,,,,,,MEASURED_REQUIRED_cuts_inside_reweight_group,
L188,67,label_X_YY_qqtauhtaue,1,,,,,,MEASURED_REQUIRED_cuts_inside_reweight_group,
L188,68,label_X_YY_qqtauhtaum,1,,,,,,MEASURED_REQUIRED_cuts_inside_reweight_group,
L188,69,label_X_YY_qqtauhtauh,1,,,,,,MEASURED_REQUIRED_cuts_inside_reweight_group,
L188,70,label_X_YY_qqb,1,,,,,,MEASURED_REQUIRED_cuts_inside_reweight_group,
L188,71,label_X_YY_qqc,1,,,,,,MEASURED_REQUIRED_cuts_inside_reweight_group,
L188,72,label_X_YY_qqs,1,,,,,,MEASURED_REQUIRED_cuts_inside_reweight_group,
L188,73,label_X_YY_qqq,1,,,,,,MEASURED_REQUIRED_cuts_inside_reweight_group,
L188,74,label_X_YY_qqg,1,,,,,,MEASURED_REQUIRED_cuts_inside_reweight_group,
L188,75,label_X_YY_qqe,1,,,,,,MEASURED_REQUIRED_cuts_inside_reweight_group,
L188,76,label_X_YY_qqm,1,,,,,,MEASURED_REQUIRED_cuts_inside_reweight_group,
L188,77,label_X_YY_gggg,1,,,,,0.00433088,EXACT_ALGEBRA_ON_CLASS_WEIGHTS,
L188,78,label_X_YY_ggee,1,,,,,,MEASURED_REQUIRED_cuts_inside_reweight_group,
L188,79,label_X_YY_ggmm,1,,,,,,MEASURED_REQUIRED_cuts_inside_reweight_group,
L188,80,label_X_YY_ggtauhtaue,1,,,,,,MEASURED_REQUIRED_cuts_inside_reweight_group,
L188,81,label_X_YY_ggtauhtaum,1,,,,,,MEASURED_REQUIRED_cuts_inside_reweight_group,
L188,82,label_X_YY_ggtauhtauh,1,,,,,0.00577451,EXACT_ALGEBRA_ON_CLASS_WEIGHTS,
L188,83,label_X_YY_ggb,1,,,,,,MEASURED_REQUIRED_cuts_inside_reweight_group,
L188,84,label_X_YY_ggc,1,,,,,,MEASURED_REQUIRED_cuts_inside_reweight_group,
L188,85,label_X_YY_ggs,1,,,,,,MEASURED_REQUIRED_cuts_inside_reweight_group,
L188,86,label_X_YY_ggq,1,,,,,,MEASURED_REQUIRED_cuts_inside_reweight_group,
L188,87,label_X_YY_ggg,1,,,,,0.00086618,EXACT_ALGEBRA_ON_CLASS_WEIGHTS,
L188,88,label_X_YY_gge,1,,,,,,MEASURED_REQUIRED_cuts_inside_reweight_group,
L188,89,label_X_YY_ggm,1,,,,,,MEASURED_REQUIRED_cuts_inside_reweight_group,
L188,90,label_X_YY_bee,1,,,,,,MEASURED_REQUIRED_cuts_inside_reweight_group,
L188,91,label_X_YY_cee,1,,,,,,MEASURED_REQUIRED_cuts_inside_reweight_group,
L188,92,label_X_YY_see,1,,,,,,MEASURED_REQUIRED_cuts_inside_reweight_group,
L188,93,label_X_YY_qee,1,,,,,,MEASURED_REQUIRED_cuts_inside_reweight_group,
L188,94,label_X_YY_gee,1,,,,,,MEASURED_REQUIRED_cuts_inside_reweight_group,
L188,95,label_X_YY_bmm,1,,,,,,MEASURED_REQUIRED_cuts_inside_reweight_group,
L188,96,label_X_YY_cmm,1,,,,,,MEASURED_REQUIRED_cuts_inside_reweight_group,
L188,97,label_X_YY_smm,1,,,,,,MEASURED_REQUIRED_cuts_inside_reweight_group,
L188,98,label_X_YY_qmm,1,,,,,,MEASURED_REQUIRED_cuts_inside_reweight_group,
L188,99,label_X_YY_gmm,1,,,,,,MEASURED_REQUIRED_cuts_inside_reweight_group,
L188,100,label_X_YY_btauhtaue,1,,,,,,MEASURED_REQUIRED_cuts_inside_reweight_group,
L188,101,label_X_YY_ctauhtaue,1,,,,,,MEASURED_REQUIRED_cuts_inside_reweight_group,
L188,102,label_X_YY_stauhtaue,1,,,,,,MEASURED_REQUIRED_cuts_inside_reweight_group,
L188,103,label_X_YY_qtauhtaue,1,,,,,,MEASURED_REQUIRED_cuts_inside_reweight_group,
L188,104,label_X_YY_gtauhtaue,1,,,,,,MEASURED_REQUIRED_cuts_inside_reweight_group,
L188,105,label_X_YY_btauhtaum,1,,,,,,MEASURED_REQUIRED_cuts_inside_reweight_group,
L188,106,label_X_YY_ctauhtaum,1,,,,,,MEASURED_REQUIRED_cuts_inside_reweight_group,
L188,107,label_X_YY_stauhtaum,1,,,,,,MEASURED_REQUIRED_cuts_inside_reweight_group,
L188,108,label_X_YY_qtauhtaum,1,,,,,,MEASURED_REQUIRED_cuts_inside_reweight_group,
L188,109,label_X_YY_gtauhtaum,1,,,,,,MEASURED_REQUIRED_cuts_inside_reweight_group,
L188,110,label_X_YY_btauhtauh,1,,,,,,MEASURED_REQUIRED_cuts_inside_reweight_group,
L188,111,label_X_YY_ctauhtauh,1,,,,,,MEASURED_REQUIRED_cuts_inside_reweight_group,
L188,112,label_X_YY_stauhtauh,1,,,,,,MEASURED_REQUIRED_cuts_inside_reweight_group,
L188,113,label_X_YY_qtauhtauh,1,,,,,,MEASURED_REQUIRED_cuts_inside_reweight_group,
L188,114,label_X_YY_gtauhtauh,1,,,,,0.00034647,EXACT_ALGEBRA_ON_CLASS_WEIGHTS,
L188,115,label_X_YY_qqqb,1,,,,,,MEASURED_REQUIRED_cuts_inside_reweight_group,
L188,116,label_X_YY_qqqc,1,,,,,,MEASURED_REQUIRED_cuts_inside_reweight_group,
L188,117,label_X_YY_qqqs,1,,,,,,MEASURED_REQUIRED_cuts_inside_reweight_group,
L188,118,label_X_YY_bbcq,1,,,,,,MEASURED_REQUIRED_cuts_inside_reweight_group,
L188,119,label_X_YY_ccbs,1,,,,,,MEASURED_REQUIRED_cuts_inside_reweight_group,
L188,120,label_X_YY_ccbq,1,,,,,,MEASURED_REQUIRED_cuts_inside_reweight_group,
L188,121,label_X_YY_ccsq,1,,,,,,MEASURED_REQUIRED_cuts_inside_reweight_group,
L188,122,label_X_YY_sscq,1,,,,,,MEASURED_REQUIRED_cuts_inside_reweight_group,
L188,123,label_X_YY_qqbc,1,,,,,,MEASURED_REQUIRED_cuts_inside_reweight_group,
L188,124,label_X_YY_qqbs,1,,,,,,MEASURED_REQUIRED_cuts_inside_reweight_group,
L188,125,label_X_YY_qqcs,1,,,,,,MEASURED_REQUIRED_cuts_inside_reweight_group,
L188,126,label_X_YY_bcsq,1,,,,,,MEASURED_REQUIRED_cuts_inside_reweight_group,
L188,127,label_X_YY_bcs,1,,,,,,MEASURED_REQUIRED_cuts_inside_reweight_group,
L188,128,label_X_YY_bcq,1,,,,,,MEASURED_REQUIRED_cuts_inside_reweight_group,
L188,129,label_X_YY_bsq,1,,,,,,MEASURED_REQUIRED_cuts_inside_reweight_group,
L188,130,label_X_YY_csq,1,,,,,,MEASURED_REQUIRED_cuts_inside_reweight_group,
L188,131,label_X_YY_bcev,1,,,,,,MEASURED_REQUIRED_cuts_inside_reweight_group,
L188,132,label_X_YY_csev,1,,,,,,MEASURED_REQUIRED_cuts_inside_reweight_group,
L188,133,label_X_YY_bqev,1,,,,,,MEASURED_REQUIRED_cuts_inside_reweight_group,
L188,134,label_X_YY_cqev,1,,,,,,MEASURED_REQUIRED_cuts_inside_reweight_group,
L188,135,label_X_YY_sqev,1,,,,,,MEASURED_REQUIRED_cuts_inside_reweight_group,
L188,136,label_X_YY_qqev,1,,,,,,MEASURED_REQUIRED_cuts_inside_reweight_group,
L188,137,label_X_YY_bcmv,1,,,,,,MEASURED_REQUIRED_cuts_inside_reweight_group,
L188,138,label_X_YY_csmv,1,,,,,,MEASURED_REQUIRED_cuts_inside_reweight_group,
L188,139,label_X_YY_bqmv,1,,,,,,MEASURED_REQUIRED_cuts_inside_reweight_group,
L188,140,label_X_YY_cqmv,1,,,,,,MEASURED_REQUIRED_cuts_inside_reweight_group,
L188,141,label_X_YY_sqmv,1,,,,,,MEASURED_REQUIRED_cuts_inside_reweight_group,
L188,142,label_X_YY_qqmv,1,,,,,,MEASURED_REQUIRED_cuts_inside_reweight_group,
L188,143,label_X_YY_bctauev,1,,,,,,MEASURED_REQUIRED_cuts_inside_reweight_group,
L188,144,label_X_YY_cstauev,1,,,,,,MEASURED_REQUIRED_cuts_inside_reweight_group,
L188,145,label_X_YY_bqtauev,1,,,,,,MEASURED_REQUIRED_cuts_inside_reweight_group,
L188,146,label_X_YY_cqtauev,1,,,,,,MEASURED_REQUIRED_cuts_inside_reweight_group,
L188,147,label_X_YY_sqtauev,1,,,,,,MEASURED_REQUIRED_cuts_inside_reweight_group,
L188,148,label_X_YY_qqtauev,1,,,,,,MEASURED_REQUIRED_cuts_inside_reweight_group,
L188,149,label_X_YY_bctaumv,1,,,,,,MEASURED_REQUIRED_cuts_inside_reweight_group,
L188,150,label_X_YY_cstaumv,1,,,,,,MEASURED_REQUIRED_cuts_inside_reweight_group,
L188,151,label_X_YY_bqtaumv,1,,,,,,MEASURED_REQUIRED_cuts_inside_reweight_group,
L188,152,label_X_YY_cqtaumv,1,,,,,,MEASURED_REQUIRED_cuts_inside_reweight_group,
L188,153,label_X_YY_sqtaumv,1,,,,,,MEASURED_REQUIRED_cuts_inside_reweight_group,
L188,154,label_X_YY_qqtaumv,1,,,,,,MEASURED_REQUIRED_cuts_inside_reweight_group,
L188,155,label_X_YY_bctauhv,1,,,,,,MEASURED_REQUIRED_cuts_inside_reweight_group,
L188,156,label_X_YY_cstauhv,1,,,,,,MEASURED_REQUIRED_cuts_inside_reweight_group,
L188,157,label_X_YY_bqtauhv,1,,,,,,MEASURED_REQUIRED_cuts_inside_reweight_group,
L188,158,label_X_YY_cqtauhv,1,,,,,,MEASURED_REQUIRED_cuts_inside_reweight_group,
L188,159,label_X_YY_sqtauhv,1,,,,,,MEASURED_REQUIRED_cuts_inside_reweight_group,
L188,160,label_X_YY_qqtauhv,1,,,,,,MEASURED_REQUIRED_cuts_inside_reweight_group,
L188,161,label_QCD_bbccss,1,,,,,,MEASURED_REQUIRED_cuts_inside_reweight_group,
L188,162,label_QCD_bbccs,1,,,,,,MEASURED_REQUIRED_cuts_inside_reweight_group,
L188,163,label_QCD_bbcc,1,,,,,,MEASURED_REQUIRED_cuts_inside_reweight_group,
L188,164,label_QCD_bbcss,1,,,,,,MEASURED_REQUIRED_cuts_inside_reweight_group,
L188,165,label_QCD_bbcs,1,,,,,,MEASURED_REQUIRED_cuts_inside_reweight_group,
L188,166,label_QCD_bbc,1,,,,,,MEASURED_REQUIRED_cuts_inside_reweight_group,
L188,167,label_QCD_bbss,1,,,,,,MEASURED_REQUIRED_cuts_inside_reweight_group,
L188,168,label_QCD_bbs,1,,,,,,MEASURED_REQUIRED_cuts_inside_reweight_group,
L188,169,label_QCD_bb,1,,,,,,MEASURED_REQUIRED_cuts_inside_reweight_group,
L188,170,label_QCD_bccss,1,,,,,,MEASURED_REQUIRED_cuts_inside_reweight_group,
L188,171,label_QCD_bccs,1,,,,,,MEASURED_REQUIRED_cuts_inside_reweight_group,
L188,172,label_QCD_bcc,1,,,,,,MEASURED_REQUIRED_cuts_inside_reweight_group,
L188,173,label_QCD_bcss,1,,,,,,MEASURED_REQUIRED_cuts_inside_reweight_group,
L188,174,label_QCD_bcs,1,,,,,,MEASURED_REQUIRED_cuts_inside_reweight_group,
L188,175,label_QCD_bc,1,,,,,,MEASURED_REQUIRED_cuts_inside_reweight_group,
L188,176,label_QCD_bss,1,,,,,,MEASURED_REQUIRED_cuts_inside_reweight_group,
L188,177,label_QCD_bs,1,,,,,,MEASURED_REQUIRED_cuts_inside_reweight_group,
L188,178,label_QCD_b,1,,,,,,MEASURED_REQUIRED_cuts_inside_reweight_group,
L188,179,label_QCD_ccss,1,,,,,,MEASURED_REQUIRED_cuts_inside_reweight_group,
L188,180,label_QCD_ccs,1,,,,,,MEASURED_REQUIRED_cuts_inside_reweight_group,
L188,181,label_QCD_cc,1,,,,,,MEASURED_REQUIRED_cuts_inside_reweight_group,
L188,182,label_QCD_css,1,,,,,,MEASURED_REQUIRED_cuts_inside_reweight_group,
L188,183,label_QCD_cs,1,,,,,,MEASURED_REQUIRED_cuts_inside_reweight_group,
L188,184,label_QCD_c,1,,,,,,MEASURED_REQUIRED_cuts_inside_reweight_group,
L188,185,label_QCD_ss,1,,,,,,MEASURED_REQUIRED_cuts_inside_reweight_group,
L188,186,label_QCD_s,1,,,,,,MEASURED_REQUIRED_cuts_inside_reweight_group,
L188,187,label_QCD_light,1,,,,,,MEASURED_REQUIRED_cuts_inside_reweight_group,
L162,0,label_X_bb,1,,,,,,MEASURED_REQUIRED_cuts_inside_reweight_group,
L162,1,label_X_cc,1,,,,,,MEASURED_REQUIRED_cuts_inside_reweight_group,
L162,2,label_X_ss,1,,,,,,MEASURED_REQUIRED_cuts_inside_reweight_group,
L162,3,label_X_qq,1,,,,,,MEASURED_REQUIRED_cuts_inside_reweight_group,
L162,4,label_X_bc,1,,,,,,MEASURED_REQUIRED_cuts_inside_reweight_group,
L162,5,label_X_cs,1,,,,,,MEASURED_REQUIRED_cuts_inside_reweight_group,
L162,6,label_X_bq,1,,,,,,MEASURED_REQUIRED_cuts_inside_reweight_group,
L162,7,label_X_cq,1,,,,,,MEASURED_REQUIRED_cuts_inside_reweight_group,
L162,8,label_X_sq,1,,,,,,MEASURED_REQUIRED_cuts_inside_reweight_group,
L162,9,label_X_gg,1,,,,,0.02887253,EXACT_ALGEBRA_ON_CLASS_WEIGHTS,
L162,10,label_X_ee,1,,,,,,MEASURED_REQUIRED_cuts_inside_reweight_group,
L162,11,label_X_mm,1,,,,,,MEASURED_REQUIRED_cuts_inside_reweight_group,
L162,12,label_X_tauhtaue,1,,,,,,MEASURED_REQUIRED_cuts_inside_reweight_group,
L162,13,label_X_tauhtaum,1,,,,,,MEASURED_REQUIRED_cuts_inside_reweight_group,
L162,14,label_X_tauhtauh,1,,,,,0.00866176,EXACT_ALGEBRA_ON_CLASS_WEIGHTS,
L162,15,label_X_YY_bbbb,1,,,,,,MEASURED_REQUIRED_cuts_inside_reweight_group,
L162,16,label_X_YY_bbcc,1,,,,,,MEASURED_REQUIRED_cuts_inside_reweight_group,
L162,17,label_X_YY_bbss,1,,,,,,MEASURED_REQUIRED_cuts_inside_reweight_group,
L162,18,label_X_YY_bbqq,1,,,,,,MEASURED_REQUIRED_cuts_inside_reweight_group,
L162,19,label_X_YY_bbgg,1,,,,,,MEASURED_REQUIRED_cuts_inside_reweight_group,
L162,20,label_X_YY_bbee,1,,,,,,MEASURED_REQUIRED_cuts_inside_reweight_group,
L162,21,label_X_YY_bbmm,1,,,,,,MEASURED_REQUIRED_cuts_inside_reweight_group,
L162,22,label_X_YY_bbtauhtaue,1,,,,,,MEASURED_REQUIRED_cuts_inside_reweight_group,
L162,23,label_X_YY_bbtauhtaum,1,,,,,,MEASURED_REQUIRED_cuts_inside_reweight_group,
L162,24,label_X_YY_bbtauhtauh,1,,,,,,MEASURED_REQUIRED_cuts_inside_reweight_group,
L162,25,label_X_YY_bbb,1,,,,,,MEASURED_REQUIRED_cuts_inside_reweight_group,
L162,26,label_X_YY_bbc,1,,,,,,MEASURED_REQUIRED_cuts_inside_reweight_group,
L162,27,label_X_YY_bbs,1,,,,,,MEASURED_REQUIRED_cuts_inside_reweight_group,
L162,28,label_X_YY_bbq,1,,,,,,MEASURED_REQUIRED_cuts_inside_reweight_group,
L162,29,label_X_YY_bbg,1,,,,,,MEASURED_REQUIRED_cuts_inside_reweight_group,
L162,30,label_X_YY_bbe,1,,,,,,MEASURED_REQUIRED_cuts_inside_reweight_group,
L162,31,label_X_YY_bbm,1,,,,,,MEASURED_REQUIRED_cuts_inside_reweight_group,
L162,32,label_X_YY_cccc,1,,,,,,MEASURED_REQUIRED_cuts_inside_reweight_group,
L162,33,label_X_YY_ccss,1,,,,,,MEASURED_REQUIRED_cuts_inside_reweight_group,
L162,34,label_X_YY_ccqq,1,,,,,,MEASURED_REQUIRED_cuts_inside_reweight_group,
L162,35,label_X_YY_ccgg,1,,,,,,MEASURED_REQUIRED_cuts_inside_reweight_group,
L162,36,label_X_YY_ccee,1,,,,,,MEASURED_REQUIRED_cuts_inside_reweight_group,
L162,37,label_X_YY_ccmm,1,,,,,,MEASURED_REQUIRED_cuts_inside_reweight_group,
L162,38,label_X_YY_cctauhtaue,1,,,,,,MEASURED_REQUIRED_cuts_inside_reweight_group,
L162,39,label_X_YY_cctauhtaum,1,,,,,,MEASURED_REQUIRED_cuts_inside_reweight_group,
L162,40,label_X_YY_cctauhtauh,1,,,,,,MEASURED_REQUIRED_cuts_inside_reweight_group,
L162,41,label_X_YY_ccb,1,,,,,,MEASURED_REQUIRED_cuts_inside_reweight_group,
L162,42,label_X_YY_ccc,1,,,,,,MEASURED_REQUIRED_cuts_inside_reweight_group,
L162,43,label_X_YY_ccs,1,,,,,,MEASURED_REQUIRED_cuts_inside_reweight_group,
L162,44,label_X_YY_ccq,1,,,,,,MEASURED_REQUIRED_cuts_inside_reweight_group,
L162,45,label_X_YY_ccg,1,,,,,,MEASURED_REQUIRED_cuts_inside_reweight_group,
L162,46,label_X_YY_cce,1,,,,,,MEASURED_REQUIRED_cuts_inside_reweight_group,
L162,47,label_X_YY_ccm,1,,,,,,MEASURED_REQUIRED_cuts_inside_reweight_group,
L162,48,label_X_YY_ssss,1,,,,,,MEASURED_REQUIRED_cuts_inside_reweight_group,
L162,49,label_X_YY_ssqq,1,,,,,,MEASURED_REQUIRED_cuts_inside_reweight_group,
L162,50,label_X_YY_ssgg,1,,,,,,MEASURED_REQUIRED_cuts_inside_reweight_group,
L162,51,label_X_YY_ssee,1,,,,,,MEASURED_REQUIRED_cuts_inside_reweight_group,
L162,52,label_X_YY_ssmm,1,,,,,,MEASURED_REQUIRED_cuts_inside_reweight_group,
L162,53,label_X_YY_sstauhtaue,1,,,,,,MEASURED_REQUIRED_cuts_inside_reweight_group,
L162,54,label_X_YY_sstauhtaum,1,,,,,,MEASURED_REQUIRED_cuts_inside_reweight_group,
L162,55,label_X_YY_sstauhtauh,1,,,,,,MEASURED_REQUIRED_cuts_inside_reweight_group,
L162,56,label_X_YY_ssb,1,,,,,,MEASURED_REQUIRED_cuts_inside_reweight_group,
L162,57,label_X_YY_ssc,1,,,,,,MEASURED_REQUIRED_cuts_inside_reweight_group,
L162,58,label_X_YY_sss,1,,,,,,MEASURED_REQUIRED_cuts_inside_reweight_group,
L162,59,label_X_YY_ssq,1,,,,,,MEASURED_REQUIRED_cuts_inside_reweight_group,
L162,60,label_X_YY_ssg,1,,,,,,MEASURED_REQUIRED_cuts_inside_reweight_group,
L162,61,label_X_YY_sse,1,,,,,,MEASURED_REQUIRED_cuts_inside_reweight_group,
L162,62,label_X_YY_ssm,1,,,,,,MEASURED_REQUIRED_cuts_inside_reweight_group,
L162,63,label_X_YY_qqqq,1,,,,,,MEASURED_REQUIRED_cuts_inside_reweight_group,
L162,64,label_X_YY_qqgg,1,,,,,,MEASURED_REQUIRED_cuts_inside_reweight_group,
L162,65,label_X_YY_qqee,1,,,,,,MEASURED_REQUIRED_cuts_inside_reweight_group,
L162,66,label_X_YY_qqmm,1,,,,,,MEASURED_REQUIRED_cuts_inside_reweight_group,
L162,67,label_X_YY_qqtauhtaue,1,,,,,,MEASURED_REQUIRED_cuts_inside_reweight_group,
L162,68,label_X_YY_qqtauhtaum,1,,,,,,MEASURED_REQUIRED_cuts_inside_reweight_group,
L162,69,label_X_YY_qqtauhtauh,1,,,,,,MEASURED_REQUIRED_cuts_inside_reweight_group,
L162,70,label_X_YY_qqb,1,,,,,,MEASURED_REQUIRED_cuts_inside_reweight_group,
L162,71,label_X_YY_qqc,1,,,,,,MEASURED_REQUIRED_cuts_inside_reweight_group,
L162,72,label_X_YY_qqs,1,,,,,,MEASURED_REQUIRED_cuts_inside_reweight_group,
L162,73,label_X_YY_qqq,1,,,,,,MEASURED_REQUIRED_cuts_inside_reweight_group,
L162,74,label_X_YY_qqg,1,,,,,,MEASURED_REQUIRED_cuts_inside_reweight_group,
L162,75,label_X_YY_qqe,1,,,,,,MEASURED_REQUIRED_cuts_inside_reweight_group,
L162,76,label_X_YY_qqm,1,,,,,,MEASURED_REQUIRED_cuts_inside_reweight_group,
L162,77,label_X_YY_gggg,1,,,,,0.00433088,EXACT_ALGEBRA_ON_CLASS_WEIGHTS,
L162,78,label_X_YY_ggee,1,,,,,,MEASURED_REQUIRED_cuts_inside_reweight_group,
L162,79,label_X_YY_ggmm,1,,,,,,MEASURED_REQUIRED_cuts_inside_reweight_group,
L162,80,label_X_YY_ggtauhtaue,1,,,,,,MEASURED_REQUIRED_cuts_inside_reweight_group,
L162,81,label_X_YY_ggtauhtaum,1,,,,,,MEASURED_REQUIRED_cuts_inside_reweight_group,
L162,82,label_X_YY_ggtauhtauh,1,,,,,0.00577451,EXACT_ALGEBRA_ON_CLASS_WEIGHTS,
L162,83,label_X_YY_ggb,1,,,,,,MEASURED_REQUIRED_cuts_inside_reweight_group,
L162,84,label_X_YY_ggc,1,,,,,,MEASURED_REQUIRED_cuts_inside_reweight_group,
L162,85,label_X_YY_ggs,1,,,,,,MEASURED_REQUIRED_cuts_inside_reweight_group,
L162,86,label_X_YY_ggq,1,,,,,,MEASURED_REQUIRED_cuts_inside_reweight_group,
L162,87,label_X_YY_ggg,1,,,,,0.00086618,EXACT_ALGEBRA_ON_CLASS_WEIGHTS,
L162,88,label_X_YY_gge,1,,,,,,MEASURED_REQUIRED_cuts_inside_reweight_group,
L162,89,label_X_YY_ggm,1,,,,,,MEASURED_REQUIRED_cuts_inside_reweight_group,
L162,90,label_X_YY_bee,1,,,,,,MEASURED_REQUIRED_cuts_inside_reweight_group,
L162,91,label_X_YY_cee,1,,,,,,MEASURED_REQUIRED_cuts_inside_reweight_group,
L162,92,label_X_YY_see,1,,,,,,MEASURED_REQUIRED_cuts_inside_reweight_group,
L162,93,label_X_YY_qee,1,,,,,,MEASURED_REQUIRED_cuts_inside_reweight_group,
L162,94,label_X_YY_gee,1,,,,,,MEASURED_REQUIRED_cuts_inside_reweight_group,
L162,95,label_X_YY_bmm,1,,,,,,MEASURED_REQUIRED_cuts_inside_reweight_group,
L162,96,label_X_YY_cmm,1,,,,,,MEASURED_REQUIRED_cuts_inside_reweight_group,
L162,97,label_X_YY_smm,1,,,,,,MEASURED_REQUIRED_cuts_inside_reweight_group,
L162,98,label_X_YY_qmm,1,,,,,,MEASURED_REQUIRED_cuts_inside_reweight_group,
L162,99,label_X_YY_gmm,1,,,,,,MEASURED_REQUIRED_cuts_inside_reweight_group,
L162,100,label_X_YY_btauhtaue,1,,,,,,MEASURED_REQUIRED_cuts_inside_reweight_group,
L162,101,label_X_YY_ctauhtaue,1,,,,,,MEASURED_REQUIRED_cuts_inside_reweight_group,
L162,102,label_X_YY_stauhtaue,1,,,,,,MEASURED_REQUIRED_cuts_inside_reweight_group,
L162,103,label_X_YY_qtauhtaue,1,,,,,,MEASURED_REQUIRED_cuts_inside_reweight_group,
L162,104,label_X_YY_gtauhtaue,1,,,,,,MEASURED_REQUIRED_cuts_inside_reweight_group,
L162,105,label_X_YY_btauhtaum,1,,,,,,MEASURED_REQUIRED_cuts_inside_reweight_group,
L162,106,label_X_YY_ctauhtaum,1,,,,,,MEASURED_REQUIRED_cuts_inside_reweight_group,
L162,107,label_X_YY_stauhtaum,1,,,,,,MEASURED_REQUIRED_cuts_inside_reweight_group,
L162,108,label_X_YY_qtauhtaum,1,,,,,,MEASURED_REQUIRED_cuts_inside_reweight_group,
L162,109,label_X_YY_gtauhtaum,1,,,,,,MEASURED_REQUIRED_cuts_inside_reweight_group,
L162,110,label_X_YY_btauhtauh,1,,,,,,MEASURED_REQUIRED_cuts_inside_reweight_group,
L162,111,label_X_YY_ctauhtauh,1,,,,,,MEASURED_REQUIRED_cuts_inside_reweight_group,
L162,112,label_X_YY_stauhtauh,1,,,,,,MEASURED_REQUIRED_cuts_inside_reweight_group,
L162,113,label_X_YY_qtauhtauh,1,,,,,,MEASURED_REQUIRED_cuts_inside_reweight_group,
L162,114,label_X_YY_gtauhtauh,1,,,,,0.00034647,EXACT_ALGEBRA_ON_CLASS_WEIGHTS,
L162,115,label_X_YY_qqqb,1,,,,,,MEASURED_REQUIRED_cuts_inside_reweight_group,
L162,116,label_X_YY_qqqc,1,,,,,,MEASURED_REQUIRED_cuts_inside_reweight_group,
L162,117,label_X_YY_qqqs,1,,,,,,MEASURED_REQUIRED_cuts_inside_reweight_group,
L162,118,label_X_YY_bbcq,1,,,,,,MEASURED_REQUIRED_cuts_inside_reweight_group,
L162,119,label_X_YY_ccbs,1,,,,,,MEASURED_REQUIRED_cuts_inside_reweight_group,
L162,120,label_X_YY_ccbq,1,,,,,,MEASURED_REQUIRED_cuts_inside_reweight_group,
L162,121,label_X_YY_ccsq,1,,,,,,MEASURED_REQUIRED_cuts_inside_reweight_group,
L162,122,label_X_YY_sscq,1,,,,,,MEASURED_REQUIRED_cuts_inside_reweight_group,
L162,123,label_X_YY_qqbc,1,,,,,,MEASURED_REQUIRED_cuts_inside_reweight_group,
L162,124,label_X_YY_qqbs,1,,,,,,MEASURED_REQUIRED_cuts_inside_reweight_group,
L162,125,label_X_YY_qqcs,1,,,,,,MEASURED_REQUIRED_cuts_inside_reweight_group,
L162,126,label_X_YY_bcsq,1,,,,,,MEASURED_REQUIRED_cuts_inside_reweight_group,
L162,127,label_X_YY_bcs,1,,,,,,MEASURED_REQUIRED_cuts_inside_reweight_group,
L162,128,label_X_YY_bcq,1,,,,,,MEASURED_REQUIRED_cuts_inside_reweight_group,
L162,129,label_X_YY_bsq,1,,,,,,MEASURED_REQUIRED_cuts_inside_reweight_group,
L162,130,label_X_YY_csq,1,,,,,,MEASURED_REQUIRED_cuts_inside_reweight_group,
L162,131,label_X_YY_bcev,1,,,,,,MEASURED_REQUIRED_cuts_inside_reweight_group,
L162,132,label_X_YY_csev,1,,,,,,MEASURED_REQUIRED_cuts_inside_reweight_group,
L162,133,label_X_YY_bqev,1,,,,,,MEASURED_REQUIRED_cuts_inside_reweight_group,
L162,134,label_X_YY_cqev,1,,,,,,MEASURED_REQUIRED_cuts_inside_reweight_group,
L162,135,label_X_YY_sqev,1,,,,,,MEASURED_REQUIRED_cuts_inside_reweight_group,
L162,136,label_X_YY_qqev,1,,,,,,MEASURED_REQUIRED_cuts_inside_reweight_group,
L162,137,label_X_YY_bcmv,1,,,,,,MEASURED_REQUIRED_cuts_inside_reweight_group,
L162,138,label_X_YY_csmv,1,,,,,,MEASURED_REQUIRED_cuts_inside_reweight_group,
L162,139,label_X_YY_bqmv,1,,,,,,MEASURED_REQUIRED_cuts_inside_reweight_group,
L162,140,label_X_YY_cqmv,1,,,,,,MEASURED_REQUIRED_cuts_inside_reweight_group,
L162,141,label_X_YY_sqmv,1,,,,,,MEASURED_REQUIRED_cuts_inside_reweight_group,
L162,142,label_X_YY_qqmv,1,,,,,,MEASURED_REQUIRED_cuts_inside_reweight_group,
L162,143,label_X_YY_bctauev,1,,,,,,MEASURED_REQUIRED_cuts_inside_reweight_group,
L162,144,label_X_YY_cstauev,1,,,,,,MEASURED_REQUIRED_cuts_inside_reweight_group,
L162,145,label_X_YY_bqtauev,1,,,,,,MEASURED_REQUIRED_cuts_inside_reweight_group,
L162,146,label_X_YY_cqtauev,1,,,,,,MEASURED_REQUIRED_cuts_inside_reweight_group,
L162,147,label_X_YY_sqtauev,1,,,,,,MEASURED_REQUIRED_cuts_inside_reweight_group,
L162,148,label_X_YY_qqtauev,1,,,,,,MEASURED_REQUIRED_cuts_inside_reweight_group,
L162,149,label_X_YY_bctaumv,1,,,,,,MEASURED_REQUIRED_cuts_inside_reweight_group,
L162,150,label_X_YY_cstaumv,1,,,,,,MEASURED_REQUIRED_cuts_inside_reweight_group,
L162,151,label_X_YY_bqtaumv,1,,,,,,MEASURED_REQUIRED_cuts_inside_reweight_group,
L162,152,label_X_YY_cqtaumv,1,,,,,,MEASURED_REQUIRED_cuts_inside_reweight_group,
L162,153,label_X_YY_sqtaumv,1,,,,,,MEASURED_REQUIRED_cuts_inside_reweight_group,
L162,154,label_X_YY_qqtaumv,1,,,,,,MEASURED_REQUIRED_cuts_inside_reweight_group,
L162,155,label_X_YY_bctauhv,1,,,,,,MEASURED_REQUIRED_cuts_inside_reweight_group,
L162,156,label_X_YY_cstauhv,1,,,,,,MEASURED_REQUIRED_cuts_inside_reweight_group,
L162,157,label_X_YY_bqtauhv,1,,,,,,MEASURED_REQUIRED_cuts_inside_reweight_group,
L162,158,label_X_YY_cqtauhv,1,,,,,,MEASURED_REQUIRED_cuts_inside_reweight_group,
L162,159,label_X_YY_sqtauhv,1,,,,,,MEASURED_REQUIRED_cuts_inside_reweight_group,
L162,160,label_X_YY_qqtauhv,1,,,,,,MEASURED_REQUIRED_cuts_inside_reweight_group,
L162,161,QCD_ALL,27,,,,,0.14436264,EXACT_ALGEBRA_ON_CLASS_WEIGHTS,
R63_Q1,0,2P_HAD_2PARTON|nb2_nc0,1,,,,,,MEASURED_REQUIRED_cuts_inside_reweight_group,
R63_Q1,1,2P_HAD_2PARTON|nb1_nc1,1,,,,,,MEASURED_REQUIRED_cuts_inside_reweight_group,
R63_Q1,2,2P_HAD_2PARTON|nb1_nc0,1,,,,,,MEASURED_REQUIRED_cuts_inside_reweight_group,
R63_Q1,3,2P_HAD_2PARTON|nb0_nc2,1,,,,,,MEASURED_REQUIRED_cuts_inside_reweight_group,
R63_Q1,4,2P_HAD_2PARTON|nb0_nc1,2,,,,,,MEASURED_REQUIRED_cuts_inside_reweight_group,
R63_Q1,5,2P_HAD_2PARTON|nb0_nc0,4,,,,,,MEASURED_REQUIRED_cuts_inside_reweight_group,
R63_Q1,6,2P_HAD_TAUH_TAUH|nb0_nc0,1,,,,,0.00866176,EXACT_ALGEBRA_ON_CLASS_WEIGHTS,
R63_Q1,7,2P_SEMILEP_TAUH_TAUL|nb0_nc0,2,,,,,0.00577451,EXACT_ALGEBRA_ON_CLASS_WEIGHTS,
R63_Q1,8,2P_LEP_LL|nb0_nc0,2,,,,,0.04619604,EXACT_ALGEBRA_ON_CLASS_WEIGHTS,
R63_Q1,9,3P_HAD_3PARTON|nb3_nc0,1,,,,,,MEASURED_REQUIRED_cuts_inside_reweight_group,
R63_Q1,10,3P_HAD_3PARTON|nb2_nc1,1,,,,,,MEASURED_REQUIRED_cuts_inside_reweight_group,
R63_Q1,11,3P_HAD_3PARTON|nb2_nc0,3,,,,,,MEASURED_REQUIRED_cuts_inside_reweight_group,
R63_Q1,12,3P_HAD_3PARTON|nb1_nc2,1,,,,,,MEASURED_REQUIRED_cuts_inside_reweight_group,
R63_Q1,13,3P_HAD_3PARTON|nb1_nc0,4,,,,,,MEASURED_REQUIRED_cuts_inside_reweight_group,
R63_Q1,14,3P_HAD_3PARTON|nb1_nc1,2,,,,,,MEASURED_REQUIRED_cuts_inside_reweight_group,
R63_Q1,15,3P_HAD_3PARTON|nb0_nc3,1,,,,,,MEASURED_REQUIRED_cuts_inside_reweight_group,
R63_Q1,16,3P_HAD_3PARTON|nb0_nc2,3,,,,,,MEASURED_REQUIRED_cuts_inside_reweight_group,
R63_Q1,17,3P_HAD_3PARTON|nb0_nc1,4,,,,,,MEASURED_REQUIRED_cuts_inside_reweight_group,
R63_Q1,18,3P_HAD_3PARTON|nb0_nc0,9,,,,,,MEASURED_REQUIRED_cuts_inside_reweight_group,
R63_Q1,19,3P_HAD_1PARTON_TAUH_TAUH|nb1_nc0,1,,,,,,MEASURED_REQUIRED_cuts_inside_reweight_group,
R63_Q1,20,3P_HAD_1PARTON_TAUH_TAUH|nb0_nc1,1,,,,,,MEASURED_REQUIRED_cuts_inside_reweight_group,
R63_Q1,21,3P_HAD_1PARTON_TAUH_TAUH|nb0_nc0,3,,,,,,MEASURED_REQUIRED_cuts_inside_reweight_group,
R63_Q1,22,3P_SEMILEP_2PARTON_L|nb2_nc0,2,,,,,,MEASURED_REQUIRED_cuts_inside_reweight_group,
R63_Q1,23,3P_SEMILEP_2PARTON_L|nb0_nc2,2,,,,,,MEASURED_REQUIRED_cuts_inside_reweight_group,
R63_Q1,24,3P_SEMILEP_2PARTON_L|nb0_nc0,6,,,,,,MEASURED_REQUIRED_cuts_inside_reweight_group,
R63_Q1,25,3P_SEMILEP_1PARTON_LL|nb1_nc0,2,,,,,,MEASURED_REQUIRED_cuts_inside_reweight_group,
R63_Q1,26,3P_SEMILEP_1PARTON_LL|nb0_nc1,2,,,,,,MEASURED_REQUIRED_cuts_inside_reweight_group,
R63_Q1,27,3P_SEMILEP_1PARTON_LL|nb0_nc0,6,,,,,,MEASURED_REQUIRED_cuts_inside_reweight_group,
R63_Q1,28,3P_SEMILEP_1PARTON_TAUH_TAUL|nb1_nc0,2,,,,,,MEASURED_REQUIRED_cuts_inside_reweight_group,
R63_Q1,29,3P_SEMILEP_1PARTON_TAUH_TAUL|nb0_nc1,2,,,,,,MEASURED_REQUIRED_cuts_inside_reweight_group,
R63_Q1,30,3P_SEMILEP_1PARTON_TAUH_TAUL|nb0_nc0,6,,,,,,MEASURED_REQUIRED_cuts_inside_reweight_group,
R63_Q1,31,4P_HAD_4PARTON|nb4_nc0,1,,,,,,MEASURED_REQUIRED_cuts_inside_reweight_group,
R63_Q1,32,4P_HAD_4PARTON|nb2_nc2,1,,,,,,MEASURED_REQUIRED_cuts_inside_reweight_group,
R63_Q1,33,4P_HAD_4PARTON|nb2_nc0,3,,,,,,MEASURED_REQUIRED_cuts_inside_reweight_group,
R63_Q1,34,4P_HAD_4PARTON|nb1_nc0,2,,,,,,MEASURED_REQUIRED_cuts_inside_reweight_group,
R63_Q1,35,4P_HAD_4PARTON|nb2_nc1,1,,,,,,MEASURED_REQUIRED_cuts_inside_reweight_group,
R63_Q1,36,4P_HAD_4PARTON|nb1_nc2,2,,,,,,MEASURED_REQUIRED_cuts_inside_reweight_group,
R63_Q1,37,4P_HAD_4PARTON|nb1_nc1,2,,,,,,MEASURED_REQUIRED_cuts_inside_reweight_group,
R63_Q1,38,4P_HAD_4PARTON|nb0_nc4,1,,,,,,MEASURED_REQUIRED_cuts_inside_reweight_group,
R63_Q1,39,4P_HAD_4PARTON|nb0_nc2,4,,,,,,MEASURED_REQUIRED_cuts_inside_reweight_group,
R63_Q1,40,4P_HAD_4PARTON|nb0_nc1,3,,,,,,MEASURED_REQUIRED_cuts_inside_reweight_group,
R63_Q1,41,4P_HAD_4PARTON|nb0_nc0,7,,,,,,MEASURED_REQUIRED_cuts_inside_reweight_group,
R63_Q1,42,4P_HAD_2PARTON_TAUH_TAUH|nb2_nc0,1,,,,,,MEASURED_REQUIRED_cuts_inside_reweight_group,
R63_Q1,43,4P_HAD_2PARTON_TAUH_TAUH|nb0_nc2,1,,,,,,MEASURED_REQUIRED_cuts_inside_reweight_group,
R63_Q1,44,4P_HAD_2PARTON_TAUH_TAUH|nb0_nc0,3,,,,,,MEASURED_REQUIRED_cuts_inside_reweight_group,
R63_Q1,45,4P_SEMILEP_2PARTON_LL|nb2_nc0,2,,,,,,MEASURED_REQUIRED_cuts_inside_reweight_group,
R63_Q1,46,4P_SEMILEP_2PARTON_LL|nb0_nc2,2,,,,,,MEASURED_REQUIRED_cuts_inside_reweight_group,
R63_Q1,47,4P_SEMILEP_2PARTON_LL|nb0_nc0,6,,,,,,MEASURED_REQUIRED_cuts_inside_reweight_group,
R63_Q1,48,4P_SEMILEP_2PARTON_TAUH_TAUL|nb2_nc0,2,,,,,,MEASURED_REQUIRED_cuts_inside_reweight_group,
R63_Q1,49,4P_SEMILEP_2PARTON_TAUH_TAUL|nb0_nc2,2,,,,,,MEASURED_REQUIRED_cuts_inside_reweight_group,
R63_Q1,50,4P_SEMILEP_2PARTON_TAUH_TAUL|nb0_nc0,6,,,,,,MEASURED_REQUIRED_cuts_inside_reweight_group,
R63_Q1,51,4P_SEMILEP_NU_2PARTON_L|nb1_nc1,2,,,,,,MEASURED_REQUIRED_cuts_inside_reweight_group,
R63_Q1,52,4P_SEMILEP_NU_2PARTON_L|nb1_nc0,2,,,,,,MEASURED_REQUIRED_cuts_inside_reweight_group,
R63_Q1,53,4P_SEMILEP_NU_2PARTON_L|nb0_nc1,4,,,,,,MEASURED_REQUIRED_cuts_inside_reweight_group,
R63_Q1,54,4P_SEMILEP_NU_2PARTON_L|nb0_nc0,4,,,,,,MEASURED_REQUIRED_cuts_inside_reweight_group,
R63_Q1,55,4P_SEMILEP_NU_2PARTON_TAUL|nb1_nc1,2,,,,,,MEASURED_REQUIRED_cuts_inside_reweight_group,
R63_Q1,56,4P_SEMILEP_NU_2PARTON_TAUL|nb1_nc0,2,,,,,,MEASURED_REQUIRED_cuts_inside_reweight_group,
R63_Q1,57,4P_SEMILEP_NU_2PARTON_TAUL|nb0_nc1,4,,,,,,MEASURED_REQUIRED_cuts_inside_reweight_group,
R63_Q1,58,4P_SEMILEP_NU_2PARTON_TAUL|nb0_nc0,4,,,,,,MEASURED_REQUIRED_cuts_inside_reweight_group,
R63_Q1,59,4P_HADVIS_NU_2PARTON_TAUH|nb1_nc1,1,,,,,,MEASURED_REQUIRED_cuts_inside_reweight_group,
R63_Q1,60,4P_HADVIS_NU_2PARTON_TAUH|nb1_nc0,1,,,,,,MEASURED_REQUIRED_cuts_inside_reweight_group,
R63_Q1,61,4P_HADVIS_NU_2PARTON_TAUH|nb0_nc1,2,,,,,,MEASURED_REQUIRED_cuts_inside_reweight_group,
R63_Q1,62,4P_HADVIS_NU_2PARTON_TAUH|nb0_nc0,2,,,,,,MEASURED_REQUIRED_cuts_inside_reweight_group,
R63_Q1,63,QCD_ALL,27,,,,,0.14436264,EXACT_ALGEBRA_ON_CLASS_WEIGHTS,
R42_Q1,0,2P_HAD_2PARTON|B,3,,,,,,MEASURED_REQUIRED_cuts_inside_reweight_group,
R42_Q1,1,2P_HAD_2PARTON|C,3,,,,,,MEASURED_REQUIRED_cuts_inside_reweight_group,
R42_Q1,2,2P_HAD_2PARTON|LG,4,,,,,,MEASURED_REQUIRED_cuts_inside_reweight_group,
R42_Q1,3,2P_HAD_TAUH_TAUH,1,,,,,0.00866176,EXACT_ALGEBRA_ON_CLASS_WEIGHTS,
R42_Q1,4,2P_SEMILEP_TAUH_TAUL,2,,,,,0.00577451,EXACT_ALGEBRA_ON_CLASS_WEIGHTS,
R42_Q1,5,2P_LEP_LL,2,,,,,0.04619604,EXACT_ALGEBRA_ON_CLASS_WEIGHTS,
R42_Q1,6,3P_HAD_3PARTON|B,12,,,,,,MEASURED_REQUIRED_cuts_inside_reweight_group,
R42_Q1,7,3P_HAD_3PARTON|C,8,,,,,,MEASURED_REQUIRED_cuts_inside_reweight_group,
R42_Q1,8,3P_HAD_3PARTON|LG,9,,,,,,MEASURED_REQUIRED_cuts_inside_reweight_group,
R42_Q1,9,3P_HAD_1PARTON_TAUH_TAUH|B,1,,,,,,MEASURED_REQUIRED_cuts_inside_reweight_group,
R42_Q1,10,3P_HAD_1PARTON_TAUH_TAUH|C,1,,,,,,MEASURED_REQUIRED_cuts_inside_reweight_group,
R42_Q1,11,3P_HAD_1PARTON_TAUH_TAUH|LG,3,,,,,,MEASURED_REQUIRED_cuts_inside_reweight_group,
R42_Q1,12,3P_SEMILEP_2PARTON_L|B,2,,,,,,MEASURED_REQUIRED_cuts_inside_reweight_group,
R42_Q1,13,3P_SEMILEP_2PARTON_L|C,2,,,,,,MEASURED_REQUIRED_cuts_inside_reweight_group,
R42_Q1,14,3P_SEMILEP_2PARTON_L|LG,6,,,,,,MEASURED_REQUIRED_cuts_inside_reweight_group,
R42_Q1,15,3P_SEMILEP_1PARTON_LL|B,2,,,,,,MEASURED_REQUIRED_cuts_inside_reweight_group,
R42_Q1,16,3P_SEMILEP_1PARTON_LL|C,2,,,,,,MEASURED_REQUIRED_cuts_inside_reweight_group,
R42_Q1,17,3P_SEMILEP_1PARTON_LL|LG,6,,,,,,MEASURED_REQUIRED_cuts_inside_reweight_group,
R42_Q1,18,3P_SEMILEP_1PARTON_TAUH_TAUL|B,2,,,,,,MEASURED_REQUIRED_cuts_inside_reweight_group,
R42_Q1,19,3P_SEMILEP_1PARTON_TAUH_TAUL|C,2,,,,,,MEASURED_REQUIRED_cuts_inside_reweight_group,
R42_Q1,20,3P_SEMILEP_1PARTON_TAUH_TAUL|LG,6,,,,,,MEASURED_REQUIRED_cuts_inside_reweight_group,
R42_Q1,21,4P_HAD_4PARTON|B,12,,,,,,MEASURED_REQUIRED_cuts_inside_reweight_group,
R42_Q1,22,4P_HAD_4PARTON|C,8,,,,,,MEASURED_REQUIRED_cuts_inside_reweight_group,
R42_Q1,23,4P_HAD_4PARTON|LG,7,,,,,,MEASURED_REQUIRED_cuts_inside_reweight_group,
R42_Q1,24,4P_HAD_2PARTON_TAUH_TAUH|B,1,,,,,,MEASURED_REQUIRED_cuts_inside_reweight_group,
R42_Q1,25,4P_HAD_2PARTON_TAUH_TAUH|C,1,,,,,,MEASURED_REQUIRED_cuts_inside_reweight_group,
R42_Q1,26,4P_HAD_2PARTON_TAUH_TAUH|LG,3,,,,,,MEASURED_REQUIRED_cuts_inside_reweight_group,
R42_Q1,27,4P_SEMILEP_2PARTON_LL|B,2,,,,,,MEASURED_REQUIRED_cuts_inside_reweight_group,
R42_Q1,28,4P_SEMILEP_2PARTON_LL|C,2,,,,,,MEASURED_REQUIRED_cuts_inside_reweight_group,
R42_Q1,29,4P_SEMILEP_2PARTON_LL|LG,6,,,,,,MEASURED_REQUIRED_cuts_inside_reweight_group,
R42_Q1,30,4P_SEMILEP_2PARTON_TAUH_TAUL|B,2,,,,,,MEASURED_REQUIRED_cuts_inside_reweight_group,
R42_Q1,31,4P_SEMILEP_2PARTON_TAUH_TAUL|C,2,,,,,,MEASURED_REQUIRED_cuts_inside_reweight_group,
R42_Q1,32,4P_SEMILEP_2PARTON_TAUH_TAUL|LG,6,,,,,,MEASURED_REQUIRED_cuts_inside_reweight_group,
R42_Q1,33,4P_SEMILEP_NU_2PARTON_L|B,4,,,,,,MEASURED_REQUIRED_cuts_inside_reweight_group,
R42_Q1,34,4P_SEMILEP_NU_2PARTON_L|C,4,,,,,,MEASURED_REQUIRED_cuts_inside_reweight_group,
R42_Q1,35,4P_SEMILEP_NU_2PARTON_L|LG,4,,,,,,MEASURED_REQUIRED_cuts_inside_reweight_group,
R42_Q1,36,4P_SEMILEP_NU_2PARTON_TAUL|B,4,,,,,,MEASURED_REQUIRED_cuts_inside_reweight_group,
R42_Q1,37,4P_SEMILEP_NU_2PARTON_TAUL|C,4,,,,,,MEASURED_REQUIRED_cuts_inside_reweight_group,
R42_Q1,38,4P_SEMILEP_NU_2PARTON_TAUL|LG,4,,,,,,MEASURED_REQUIRED_cuts_inside_reweight_group,
R42_Q1,39,4P_HADVIS_NU_2PARTON_TAUH|B,2,,,,,,MEASURED_REQUIRED_cuts_inside_reweight_group,
R42_Q1,40,4P_HADVIS_NU_2PARTON_TAUH|C,2,,,,,,MEASURED_REQUIRED_cuts_inside_reweight_group,
R42_Q1,41,4P_HADVIS_NU_2PARTON_TAUH|LG,2,,,,,,MEASURED_REQUIRED_cuts_inside_reweight_group,
R42_Q1,42,QCD_ALL,27,,,,,0.14436264,EXACT_ALGEBRA_ON_CLASS_WEIGHTS,
R29_Q1,0,2P_HAD_2PARTON|HF,6,,,,,,MEASURED_REQUIRED_cuts_inside_reweight_group,
R29_Q1,1,2P_HAD_2PARTON|LG,4,,,,,,MEASURED_REQUIRED_cuts_inside_reweight_group,
R29_Q1,2,2P_HAD_TAUH_TAUH,1,,,,,0.00866176,EXACT_ALGEBRA_ON_CLASS_WEIGHTS,
R29_Q1,3,2P_SEMILEP_TAUH_TAUL,2,,,,,0.00577451,EXACT_ALGEBRA_ON_CLASS_WEIGHTS,
R29_Q1,4,2P_LEP_LL,2,,,,,0.04619604,EXACT_ALGEBRA_ON_CLASS_WEIGHTS,
R29_Q1,5,3P_HAD_3PARTON|HF,20,,,,,,MEASURED_REQUIRED_cuts_inside_reweight_group,
R29_Q1,6,3P_HAD_3PARTON|LG,9,,,,,,MEASURED_REQUIRED_cuts_inside_reweight_group,
R29_Q1,7,3P_HAD_1PARTON_TAUH_TAUH|HF,2,,,,,,MEASURED_REQUIRED_cuts_inside_reweight_group,
R29_Q1,8,3P_HAD_1PARTON_TAUH_TAUH|LG,3,,,,,,MEASURED_REQUIRED_cuts_inside_reweight_group,
R29_Q1,9,3P_SEMILEP_2PARTON_L|HF,4,,,,,,MEASURED_REQUIRED_cuts_inside_reweight_group,
R29_Q1,10,3P_SEMILEP_2PARTON_L|LG,6,,,,,,MEASURED_REQUIRED_cuts_inside_reweight_group,
R29_Q1,11,3P_SEMILEP_1PARTON_LL|HF,4,,,,,,MEASURED_REQUIRED_cuts_inside_reweight_group,
R29_Q1,12,3P_SEMILEP_1PARTON_LL|LG,6,,,,,,MEASURED_REQUIRED_cuts_inside_reweight_group,
R29_Q1,13,3P_SEMILEP_1PARTON_TAUH_TAUL|HF,4,,,,,,MEASURED_REQUIRED_cuts_inside_reweight_group,
R29_Q1,14,3P_SEMILEP_1PARTON_TAUH_TAUL|LG,6,,,,,,MEASURED_REQUIRED_cuts_inside_reweight_group,
R29_Q1,15,4P_HAD_4PARTON|HF,20,,,,,,MEASURED_REQUIRED_cuts_inside_reweight_group,
R29_Q1,16,4P_HAD_4PARTON|LG,7,,,,,,MEASURED_REQUIRED_cuts_inside_reweight_group,
R29_Q1,17,4P_HAD_2PARTON_TAUH_TAUH|HF,2,,,,,,MEASURED_REQUIRED_cuts_inside_reweight_group,
R29_Q1,18,4P_HAD_2PARTON_TAUH_TAUH|LG,3,,,,,,MEASURED_REQUIRED_cuts_inside_reweight_group,
R29_Q1,19,4P_SEMILEP_2PARTON_LL|HF,4,,,,,,MEASURED_REQUIRED_cuts_inside_reweight_group,
R29_Q1,20,4P_SEMILEP_2PARTON_LL|LG,6,,,,,,MEASURED_REQUIRED_cuts_inside_reweight_group,
R29_Q1,21,4P_SEMILEP_2PARTON_TAUH_TAUL|HF,4,,,,,,MEASURED_REQUIRED_cuts_inside_reweight_group,
R29_Q1,22,4P_SEMILEP_2PARTON_TAUH_TAUL|LG,6,,,,,,MEASURED_REQUIRED_cuts_inside_reweight_group,
R29_Q1,23,4P_SEMILEP_NU_2PARTON_L|HF,8,,,,,,MEASURED_REQUIRED_cuts_inside_reweight_group,
R29_Q1,24,4P_SEMILEP_NU_2PARTON_L|LG,4,,,,,,MEASURED_REQUIRED_cuts_inside_reweight_group,
R29_Q1,25,4P_SEMILEP_NU_2PARTON_TAUL|HF,8,,,,,,MEASURED_REQUIRED_cuts_inside_reweight_group,
R29_Q1,26,4P_SEMILEP_NU_2PARTON_TAUL|LG,4,,,,,,MEASURED_REQUIRED_cuts_inside_reweight_group,
R29_Q1,27,4P_HADVIS_NU_2PARTON_TAUH|HF,4,,,,,,MEASURED_REQUIRED_cuts_inside_reweight_group,
R29_Q1,28,4P_HADVIS_NU_2PARTON_TAUH|LG,2,,,,,,MEASURED_REQUIRED_cuts_inside_reweight_group,
R29_Q1,29,QCD_ALL,27,,,,,0.14436264,EXACT_ALGEBRA_ON_CLASS_WEIGHTS,
R16_Q1,0,2P_HAD_2PARTON,10,,,,,0.25985275,EXACT_ALGEBRA_ON_CLASS_WEIGHTS,
R16_Q1,1,2P_HAD_TAUH_TAUH,1,,,,,0.00866176,EXACT_ALGEBRA_ON_CLASS_WEIGHTS,
R16_Q1,2,2P_SEMILEP_TAUH_TAUL,2,,,,,0.00577451,EXACT_ALGEBRA_ON_CLASS_WEIGHTS,
R16_Q1,3,2P_LEP_LL,2,,,,,0.04619604,EXACT_ALGEBRA_ON_CLASS_WEIGHTS,
R16_Q1,4,3P_HAD_3PARTON,29,,,,,0.03551321,EXACT_ALGEBRA_ON_CLASS_WEIGHTS,
R16_Q1,5,3P_HAD_1PARTON_TAUH_TAUH,5,,,,,0.00173235,EXACT_ALGEBRA_ON_CLASS_WEIGHTS,
R16_Q1,6,3P_SEMILEP_2PARTON_L,10,,,,,0.00721813,EXACT_ALGEBRA_ON_CLASS_WEIGHTS,
R16_Q1,7,3P_SEMILEP_1PARTON_LL,10,,,,,0.00866176,EXACT_ALGEBRA_ON_CLASS_WEIGHTS,
R16_Q1,8,3P_SEMILEP_1PARTON_TAUH_TAUL,10,,,,,0.00129926,EXACT_ALGEBRA_ON_CLASS_WEIGHTS,
R16_Q1,9,4P_HAD_4PARTON,27,,,,,0.22376209,EXACT_ALGEBRA_ON_CLASS_WEIGHTS,
R16_Q1,10,4P_HAD_2PARTON_TAUH_TAUH,5,,,,,0.02887253,EXACT_ALGEBRA_ON_CLASS_WEIGHTS,
R16_Q1,11,4P_SEMILEP_2PARTON_LL,10,,,,,0.11549011,EXACT_ALGEBRA_ON_CLASS_WEIGHTS,
R16_Q1,12,4P_SEMILEP_2PARTON_TAUH_TAUL,10,,,,,0.02887253,EXACT_ALGEBRA_ON_CLASS_WEIGHTS,
R16_Q1,13,4P_SEMILEP_NU_2PARTON_L,12,,,,,0.04619604,EXACT_ALGEBRA_ON_CLASS_WEIGHTS,
R16_Q1,14,4P_SEMILEP_NU_2PARTON_TAUL,12,,,,,0.00866176,EXACT_ALGEBRA_ON_CLASS_WEIGHTS,
R16_Q1,15,4P_HADVIS_NU_2PARTON_TAUH,6,,,,,0.02887253,EXACT_ALGEBRA_ON_CLASS_WEIGHTS,
R16_Q1,16,QCD_ALL,27,,,,,0.14436264,EXACT_ALGEBRA_ON_CLASS_WEIGHTS,
R3_VIS,0,2P_VIS,15,,,,,0.32048506,EXACT_ALGEBRA_ON_CLASS_WEIGHTS,
R3_VIS,1,3P_VIS,94,,,,,0.13815505,EXACT_ALGEBRA_ON_CLASS_WEIGHTS,
R3_VIS,2,4P_VIS,52,,,,,0.39699726,EXACT_ALGEBRA_ON_CLASS_WEIGHTS,
R3_VIS,3,QCD_ALL,27,,,,,0.14436264,EXACT_ALGEBRA_ON_CLASS_WEIGHTS,
R1_Q1,0,RESONANT_ALL,161,,,,,0.85563736,EXACT_ALGEBRA_ON_CLASS_WEIGHTS,
R1_Q1,1,QCD_ALL,27,,,,,0.14436264,EXACT_ALGEBRA_ON_CLASS_WEIGHTS,
